"id";"jobs";"firms";"salary";"nums0"
1;"项目运维管理";"上海碧晨国中能源工程有限公司";"4.5-6千/月";"4"
2;"系统运维工程师";"环迅通科技（北京）有限公司";"1-1.5万/月";"3"
3;"运维工程师";"陕西怡迪影视文化传媒有限公司";"5-8千/月";"3"
4;"特聘燃气发电机组运维人员+五险";"西安神舟航空动力装备有限公司";"3-4.5千/月";"5"
5;"资深互联网运维工程师";"武汉有戏网络科技有限公司";"2-4万/月";"5"
6;"网络运维助理";"西安优理克商务信息咨询有限公司";"3-4千/月";"1"
7;"现场运维工程师";"西安商鼎能源科技有限公司";"3-4千/月";"2"
8;"Linux运维工程师";"陕西迪博佰通教育科技有限公司";"4.5-6千/月";"2"
9;"IT运维管理工程师";"中通服科信信息技术有限公司";"3-4.5千/月";"1"
10;"运维工程师";"航天星图科技（北京）有限公司";"0.8-1万/月";"1"
11;"桌面运维工程师（西安）(J10174)";"广东鸿联九五信息产业有限公司";"3-4千/月";"1"
12;"运维工程师";"西安鼎研科技股份有限公司";"3-4.5千/月";"10"
13;"电力信息系统运维工程师";"西安腾营信息科技有限公司";"4.5-6千/月";"1"
14;"运维工程师";"西安和智方企业管理咨询有限公司";"0.5-1万/月";"2"
15;"日本工作签证bpo系统运维管理";"大连日协教育信息咨询有限公司";"1-1.5万/月";"30"
16;"网络运维总监（装饰装修）";"陕西开业大吉商业空间设计有限公司";"0.8-1万/月";"1"
17;"大数据运维";"南京烽火星空通信发展有限公司";"1-2万/月";"2"
18;"运维工程师";"陕西惠宾电子科技有限公司";"3-4.5千/月";"2"
19;"运维工程师";"深圳汇思诺科技有限公司";"0.5-1万/月";"若干"
20;"网络运维工程师";"西安国际医学中心有限公司";"0.7-1万/月";"1"
21;"网络运维工程师";"西安求实人才培训中心";"4.5-6千/月";"5"
22;"运维工程师";"深圳市坐标软件开发有限公司";"1-1.5万/月";"2"
23;"Linux/UNIX运维工程师";"三星数据系统（西安）有限公司";"6-8千/月";"10"
24;"PeopleSoft运维工程师";"和利时集团--西安和利时";"0.7-1万/月";"若干"
25;"运维工程师";"科升通讯（苏州）有限公司";"5-7千/月";"2"
26;"高铁运维员";"陕西华欧网络科技有限公司";"6-8千/月";"10"
27;"运维工程师";"宝鸡吉利发动机零部件有限公司";"0.5-1万/月";"1"
28;"系统运维工程师";"西安景兆信息科技有限公司";"0.8-1万/月";"2"
29;"系统运维工程师";"上海泰然投资控股有限公司";"1-2万/月";"2"
30;"桌面运维工程师";"陕西亿杰鑫信息技术有限公司";"2.8-3.5千/月";"1"
31;"运维工程师";"西安沃户时间区块链科技股份有限公司";"6-8千/月";"1"
32;"运维服务技术工程师";"西安西瑞控制技术股份有限公司";"4.5-6千/月";"6"
33;"网络维护工程师/运维工程师";"西安海数多媒体技术有限公司";"4-5千/月";"3"
34;"急招   运维司机     M";"陕西愣娃汽车服务有限公司";"4.5-6千/月";"15"
35;"IT运维工程师";"百胜餐饮（西安）有限公司";"6-8千/月";"1"
36;"系统运维工程师-延安";"西安森宝电气工程有限公司";"0.6-1万/月";"1"
37;"运维工程师";"河南正华电讯有限公司西安分公司";"3.5-4.5千/月";"1"
38;"网络运维专员（兰州）";"陕西链家高策地产";"3-4.5千/月";"若干"
39;"运维工程师";"陕西山利科技发展有限责任公司";"4-7千/月";"3"
40;"网站运维工程师(职位编号：01)";"陕西丰拓电子科技有限公司";"3-4.5千/月";"2"
41;"系统运维工程师";"西安达文信息技术有限公司";"6-8千/月";"6"
42;"云计算运维工程师";"上海安畅网络科技股份有限公司";"4.5-6千/月";"5"
43;"运维工程师";"西安英卓酒店管理有限公司";"4-7千/月";"1"
44;"软件运维工程师";"佛山市富村电子科技有限公司";"0.8-1万/月";"5"
45;"运维总监";"西安惠尔企业管理咨询有限公司";"1-1.5万/月";"1"
46;"机房运维人员";"西安雅卓电子智能科技有限公司";"6-8千/月";"若干"
47;"IT系统运维经理";"红星美凯龙国际家居连锁(集团)";"0.8-1万/月";"若干"
48;"网络运维工程师";"西安北软网络科技有限公司";"4.5-6千/月";"若干"
49;"网站运维工程师";"广联纵合（北京）教育科技有限责任公司";"4.5-6千/月";"1"
50;"工程运维";"西安壹媒介广告有限公司";"3-4.5千/月";"5"
51;"运维主管";"西安环太科技发展有限公司";"6-8千/月";"1"
52;"PHP程序运维";"陕西果树医疗健康产业有限公司";"4.5-6千/月";"1"
53;"IT运维工程师";"陕西冰狐网络科技有限公司";"4.5-6千/月";"3"
54;"IT运维专员";"陕西卓昊物流有限公司";"3-4.5千/月";"2"
55;"高级软件运维工程师";"三门峡崤云信息服务股份有限公司";"0.8-1.5万/月";"若干"
56;"运维实施工程师";"西安点通软件信息技术有限公司";"4-6千/月";"1"
57;"网络运维工程师";"西安智贸信息科技有限公司";"3-6千/月";"1"
58;"运维工程师";"广州亿程交通信息集团有限公司";"4-6千/月";"2"
59;"运维工程师";"西安图道信息科技有限公司";"3-6千/月";"1"
60;"运维工程师";"西安亚购信息科技有限公司";"5-8千/月";"若干"
61;"运维工程师(XA)";"郑州易宝软件科技有限公司";"6-9千/月";"若干"
62;"服务器运维工程师";"北京万维信达科技有限公司";"4-8千/月";"若干"
63;"IT运维工程师";"迈隆（西安）电子技术有限公司";"0.8-1万/月";"1"
64;"运维开发工程师-DevOps";"西安纸贵互联网科技有限公司";"0.8-1.5万/月";"1"
65;"运维开发工程师";"三门峡崤云安全服务有限公司";"6-8千/月";"1"
66;"桌面运维工程师";"西安优音通信有限公司";"3-4.5千/月";"1"
67;"系统开发和运维工程师(J10086)";"西安诺瓦电子科技有限公司";"0.8-1.2万/月";"1"
68;"市场运维（高薪平台虚位以待）";"杉德银卡通信息服务有限公司陕西分公司";"0.8-1万/月";"若干"
69;"智能运维综合技术员（西安华为基地）";"爱玛客服务产业（中国）有限公司郑州分公司";"3-4.5千/月";"6"
70;"IT运维工程师（双休 五险一金）";"西安创新中小企业应收账款管理有限公司";"0.8-1万/月";"2"
71;"运维工程师（虚拟化及存储备份）";"陕西和生科技有限公司";"4.5-6千/月";"2"
72;"系统运维工程师";"西安听波商贸有限公司";"6-8千/月";"2"
73;"网络运维工程师";"陕西星海信息工程有限责任公司";"3.5-6千/月";"2"
74;"企业网络运维工程师";"陕西蓝鹤包装有限责任公司";"3-4.5千/月";"1"
75;"系统运维员";"陕西巨子生物技术有限公司";"0.6-1.5万/月";"1"
76;"网络运维工程师";"华天慧创科技（西安）有限公司";"4-6千/月";"1"
77;"智能支付-商户运维-运维BD";"美团点评";"0.6-1万/月";"5"
78;"运维售后文员(职位编号：20023)";"陕西聚富鑫信息科技有限公司";"3-4.5千/月";"2"
79;"IT运维专员";"陕西必康制药集团控股有限公司";"3-5千/月";"1"
80;"桌面运维工程师";"陕西省君凯电子科技有限公司";"5-8千/月";"若干"
81;"运维工程师";"陕西鼎驰网络技术有限公司";"2.5-4千/月";"4"
82;"物联网运维实习生/应届生 五险一金+双休";"西安卓睿信息技术有限公司";"6-8千/月";"5"
83;"高铁运维工程师";"西安恪诚电子科技有限公司";"3-4.5千/月";"4"
84;"运维主管";"深圳市益田集团股份有限公司";"4-6千/月";"若干"
85;"西安区域运维专员(职位编号：1)";"广州市帝能电子有限公司";"3-4.5千/月";"3"
86;"运维高级经理";"地上铁租车（深圳）有限公司";"0.8-1万/月";"1"
87;"大数据运维工程师";"西安华创人力资源管理咨询有限公司";"1.5-2.7万/月";"若干"
88;"运维工程师";"百视通网络电视技术发展有限责任公司";"3-4.5千/月";"1"
89;"实施运维工程师";"青岛美迪康数字工程有限公司";"3-6千/月";"1"
90;"运维工程师";"乐华恒业投资控股有限公司";"4.5-6千/月";"1"
91;"高级运维工程师";"西安缤纷鸟少儿美术培训中心";"0.5-1万/月";"1"
92;"ORACLE高级技术运维顾问";"上海汉得信息技术股份有限公司";"1-2万/月";"若干"
93;"技术支持/运维工程师";"西安凯达科技有限公司";"3.5-6千/月";"2"
94;"云视频部署运维工程师-西安";"北京小鱼易连科技有限公司";"1.5-1.8万/月";"1"
95;"ORACLE高级技术运维顾问";"上海汉得信息技术股份有限公司";"1-2万/月";"若干"
96;"技术支持/运维工程师";"西安凯达科技有限公司";"3.5-6千/月";"2"
97;"云视频部署运维工程师-西安";"北京小鱼易连科技有限公司";"1.5-1.8万/月";"1"
98;"系统运维工程师";"西安酷聊智能科技有限公司";"4-6千/月";"5"
99;"大数据平台运维工程师";"西安因联信息科技有限公司";"0.8-1.5万/月";"1"
100;"IT运维实习生";"西安�嗬錾桃倒芾碛邢薰�司";"140元/天";"2"
101;"运维工程师";"上海天玑科技股份有限公司";"4.5-6千/月";"5"
102;"售后运维（售后技术工程师）";"上海泛微网络科技股份有限公司陕西大区业务运营中心";"4-6千/月";"1"
103;"运维工程师";"金蝶软件西安分公司";"3-6千/月";"若干"
104;"运维工程师";"陕西星邑空间技术有限公司";"1-1.5万/月";"2"
105;"共享充电宝运维员（西安）";"深圳来电科技有限公司";"3-4千/月";"5"
106;"系统运维工程师";"广州中爆数字信息科技股份有限公司";"4.5-6千/月";"2"
107;"IT运维x";"上海隆耀网络科技有限公司";"6-8千/月";"3"
108;"自动贩卖机理货、运维专员";"上海鑫屋网络科技有限公司";"4.5-4.8千/月";"3"
109;"软件运维工程师";"上海蒙帕信息技术有限公司";"5-8千/月";"1"
110;"运维工程师";"陕西导航科技有限公司";"4-8千/月";"1"
111;"卫星通信/网络工程/运维实习岗";"深圳海卫通网络科技有限公司";"1-1.5千/月";"5"
112;"机房运维工程师（精密空调/UPS）";"北京艾瑞信系统工程技术有限责任公司";"3-4.5千/月";"若干"
113;"软件运维工程师";"昆山华东信息科技有限公司";"4-5千/月";"1"
114;"（某500强知名企业）大数据运维工程师";"西安瀚特人力资源有限公司";"1-1.5万/月";"若干"
115;"大数据平台运维工程师（Hadoop方向）";"上海罗盘信息科技有限公司";"1-1.5万/月";"2"
116;"服务器运维工程师";"小马股份有限公司西安分公司";"0.5-2.5万/月";"若干"
117;"系统运维工程师";"上海中交海德交通科技股份有限公司";"0.6-1万/月";"3"
118;"Linux运维工程师";"北京时代一峰信息技术有限公司";"4.5-6千/月";"2"
119;"系统运维工程师(职位编号：2)";"云歌信息技术（江苏）有限公司";"5-8千/月";"1"
120;"运维支持";"陕西特辰信息技术有限公司";"4.5-6千/月";"若干"
121;"网站运维工程师";"西安玖合网络科技有限责任公司";"4-6千/月";"3"
122;"高级运维工程师";"北京源晨动力技术服务有限公司";"1-1.5万/月";"若干"
123;"运维工程师（陕西管局）";"北京亚鸿世纪科技发展有限公司";"0.5-1万/月";"若干"
124;"windows系统运维工程师";"西安恒谦教育科技股份有限公司";"6-8千/月";"2"
125;"网站软件运维工程师";"陕西山海源人力资源发展有限公司";"4-6千/月";"1"
126;"运维工程师实习生";"陕西养正文化发展有限公司";"2-3千/月";"3"
127;"实施运维工程师-西安";"中电福富信息科技有限公司";"6-8千/月";"若干"
128;"质量运维部经理（西安/隆基新能源）";"西安隆基新能源有限公司";"1-1.5万/月";"1"
129;"系统运维工程师";"陕西郑远元专业修脚保健服务集团有限公司";"4.5-6千/月";"1"
130;"IDC数据数据中心运维经理";"中国电信集团系统集成有限责任公司西安区域中心";"0.8-1万/月";"1"
131;"IT运维工程师";"西安象德信息技术有限公司";"3-4千/月";"1"
132;"系统运维工程师(陕西省公司)";"陕西利元电力设备有限责任公司";"5-8万/年";"2"
133;"运维开发工程师";"居安之家";"0.8-1万/月";"1"
134;"Openstack运维实施工程师";"上海思华科技股份有限公司";"0.6-1万/月";"2"
135;"运维工程师";"陕西淘丁实业集团有限公司";"0.8-1.2万/月";"1"
136;"Linux运维工程师";"陕西晟运通科技有限公司";"0.6-1万/月";"1"
137;"安全运维工程师/驻场工程师";"紫光云数科技有限公司";"0.8-1万/月";"1"
138;"运维监控 / NOC Analyst";"艾斯普(Aspira）";"1.1-1.6万/月";"2"
139;"高级系统运维工程师";"中科金审（北京）科技有限公司";"0.7-1.2万/月";"2"
140;"运维工程师";"西安未来国际信息股份有限公司";"0.8-1万/月";"1"
141;"运维工程师（华晶广场）";"陕西智冠控股集团有限责任公司";"3.5-4.5千/月";"1"
142;"Linux运维开发工程师";"西安华信智慧数字科技有限公司";"0.8-1.6万/月";"6"
143;"技术支持/软件实施/售后运维";"北京麦迪克斯科技有限公司";"4-6千/月";"3"
144;"自动贩卖机运维工程师";"北京便丽猫网络科技有限公司";"4.5-8千/月";"若干"
145;"系统运维工程师";"陕西通家汽车股份有限公司";"4-8千/月";"2"
146;"运维工程师";"中国软件与技术服务股份有限公司";"4-6千/月";"3"
147;"helpdesk / IT运维工程师";"北京中软国际信息技术有限公司";"5-6千/月";"3"
148;"运维工程师";"西安九索数据技术股份有限公司";"0.5-1万/月";"2"
149;"大数据运维工程师";"珠海网博信息科技股份有限公司";"1.5-2万/月";"1"
150;"网络运维工程师";"陕西博硕律师事务所";"3-4.5千/月";"1"
151;"软件运维工程师";"北京中软联动科技有限公司";"6-8千/月";"6"
152;"运维工程师(双休+五险一金+车补)";"西安栎安科技有限公司";"3-8千/月";"2"
153;"系统运维工程师";"西安兴汇电力科技有限公司";"6-8千/月";"2"
154;"运维工程师";"陕西医药控股集团派昂医疗器械有限公司";"4.5-6千/月";"1"
155;"网络运维工程师";"西安志诚电子有限责任公司";"6-8千/月";"2"
156;"驻场运维经理";"西安尚瑞信息技术有限公司";"4.5-6千/月";"若干"
157;"应用系统实施运维(WMS、TMS方向)";"每一天便利超市连锁有限公司信息中心研发部";"0.6-1.2万/月";"4"
158;"运维工程师（西安）";"北京中电普华信息技术有限公司";"0.5-1万/月";"40"
159;"运维员";"上海迪岸广告有限公司";"3-4.5千/月";"1"
160;"运维工程师";"陕西马卡鲁信息技术有限公司";"4-7千/月";"1"
161;"系统运维工程师(000974)(职位编号：nationsky000974)";"启迪国信科技有限公司";"1-1.5万/月";"3"
162;"系统运维工程师";"陕西爱尚商业运营管理有限公司";"6-8千/月";"1"
163;"软件运维工程师/实施工程师";"康德曼（北京）互联网技术有限公司";"4.5-6千/月";"50"
164;"数据库运维助理工程师";"西安数之元网络科技有限公司";"4-8千/月";"2"
165;"软件实施运维工程师";"西安向上软件科技有限公司";"2-5千/月";"6"
166;"IT技术支持运维工程师（***）- 西北(职位编号：20180503-XB)";"北京威通智海网络技术有限公司";"500元/天";"200"
167;"运维/技术支持工程师";"陕西通茂信息科技有限公司";"4.5-6千/月";"4"
168;"运维工程师";"西安荣峰软件科技有限公司";"0.8-1.2万/月";"3"
169;"运维工程师";"瑞幸咖啡（中国）有限公司";"4-6千/月";"3"
170;"电站运维副主任工程师（西安/清洁能源）";"隆基绿能科技股份有限公司";"0.8-1万/月";"若干"
171;"风电机组运维工程师";"西安锐益达风电技术有限公司";"4.5-6千/月";"若干"
172;"高级运维开发工程师 -Sr DevOps";"Thoughtworks";"1.3-2.6万/月";"若干"
173;"音视频驻场运维工程师";"上海金桥信息股份有限公司北京技术服务分公司";"4-5千/月";"1"
174;"IT运维工程师";"西安中科创星科技孵化器有限公司";"5-6千/月";"1"
175;"软件实施运维服务工程师";"北京时代亿信科技股份有限公司";"4.5-6千/月";"10"
176;"IT桌面运维技术工程师（高陵园区）";"JD京东商城（西安分公司）";"6-9千/月";"1"
177;"IT桌面运维工程师";"京东商城西北区域分公司";"4-6千/月";"1"
178;"IT运维工程师(002002)(职位编号：netposa002002)";"东方网力科技股份有限公司";"4-7千/月";"1"
179;"Linux系统运维工程师";"西安联合创想电子商务有限公司";"0.8-1.5万/月";"3"
180;"高薪诚聘  网络运维工程师 周末双休 五险一金 高福利";"陕西国博政通信息科技有限公司";"3.5-6.5千/月";"3"
181;"运维（DB）工程师";"北京北信源软件股份有限公司";"4.5-6千/月";"1"
182;"运维工程师";"华润万家有限公司-西北业务单元";"3.5-4.5千/月";"1"
183;"运维工程师";"陕西思宇信息技术股份有限公司";"2-4千/月";"5"
184;"充电桩运维/维修工程师";"天天充电";"3.5-4.5千/月";"3"
185;"运维工程师";"陕西家护帮网络科技有限公司";"6-8千/月";"1"
186;"运维工程师";"陕旅集团骏途旅游网";"0.4-1万/月";"2"
187;"服务器运维工程师";"西安海润通信技术有限公司";"4-8千/月";"若干"
188;"燃料三大项目运维";"湖南大唐先一科技有限公司";"6-8千/月";"2"
189;"运维工程师";"北京优学汇科技有限公司";"3-3.5千/月";"2"
190;"系统运维工程师";"西安葡萄城信息技术有限公司";"0.7-1.2万/月";"若干"
191;"运维工程师";"神州数码系统集成服务有限公司西安分公司";"0.5-1万/月";"1"
192;"运维工程师";"中节能环保装备股份有限公司";"2.5-5千/月";"4"
193;"IT技术支持实习生/IT运维助理0基础 可实习";"陕西众信超达科技有限公司";"4.5-6千/月";"若干"
194;"系统运维工程师";"西安峰华信息工程有限公司";"4.5-6千/月";"1"
195;"光伏电站运维总监";"陕西巨光投资控股集团有限公司";"1.5-2万/月";"若干"
196;"00080-运维工程师";"上海京颐科技股份有限公司";"0.6-1万/月";"3"
197;"软件运维";"金徽酒股份有限公司";"4.5-6千/月";"若干"
198;"软件开发及运维工程师";"华羿微电子股份有限公司";"6-8千/月";"6"
199;"ERP运维主管";"西安每一天便利超市连锁有限公司";"6-8千/月";"1"
200;"运维工程师";"陕西光大药业集团股份有限公司";"3-5千/月";"3"
201;"PLM系统运维工程师";"西安天和防务技术股份有限公司";"6-8千/月";"2"
202;"在线水表运维工程师";"大连天亿技术服务有限公司";"4.5-6千/月";"1"
203;"银行核心业务系统运维工程师";"北京华软金科信息技术有限公司";"15-20万/年";"2"
204;"系统运维和虚拟化";"沈阳亚诗达科技有限公司";"0.6-1万/月";"若干"
205;"上市公司诚聘IT运维工程师";"合肥天源迪科信息技术有限公司西安分公司";"4.5-6.5千/月";"2"
206;"运维专员";"陕西成长地产控股集团有限公司";"3-4.5千/月";"5"
207;"系统运维工程师";"北京神州商通网络科技有限公司";"0.5-1万/月";"5"
208;"高级运维工程师";"西安交大捷普网络科技有限公司";"6-9千/月";"3"
209;"支付宝运维专员（高薪资+五险一金+全勤奖）";"西安共乐网络科技有限公司";"4.5-6千/月";"2"
210;"IT运维专员";"榆林市榆阳区大漠军旅文化园管理有限责任公司";"3.5-4.5千/月";"1"
211;"网络运维主管";"西安正大制药有限公司";"4.5-6千/月";"若干"
212;"安全运维工程师";"北京天融信科技有限公司";"1-1.5万/月";"若干"
213;"客服运维专员";"金花企业（集团）股份有限公司西安金花制药厂";"3-4.5千/月";"1"
214;"驻场运维工程师";"西安赛能视频技术有限公司";"2.8-4千/月";"1"
215;"软件运维工程师";"西安启源机电装备有限公司";"4.5-6千/月";"1"
216;"运维工程师";"陕西兆通利合数码有限公司";"3-4.5千/月";"2"
217;"交通银行信用卡运维客户经理";"交通银行信用卡中心";"0.8-1万/月";"2"
218;"运维工程师";"西安科技大市场创新云服务股份有限公司";"0.6-1万/月";"若干"
219;"Linux运维开发工程师";"大连华信计算机技术股份有限公司";"0.8-1.6万/月";"6"
220;"运维工程师";"西安思坦仪器股份有限公司";"4-5千/月";"5"
221;"linux运维/自动化运维工程师";"深圳市强能盛贸易有限公司";"1-3.5万/月";"5"
222;"暖通运维工程师岗位";"陕西医药控股集团派昂医药有限责任公司";"6-8千/月";"2"
223;"现场运维工程师";"西安商鼎能源科技有限公司";"3-4千/月";"2"
224;"00107-运维工程师";"上海趣医网络技术服务有限公司";"0.6-1万/月";"3"
225;"高级系统运维工程师";"深圳优克云联科技有限公司";"1-1.5万/月";"若干"
226;"信息化运维工程师";"西安格蒂电力有限公司";"0.8-1万/月";"1"
227;"运维工程师";"北京摩卡软件有限公司";"4-6千/月";"1"
228;"IT信息运维(职位编号：zoina002396)";"中南置地总公司";"1-2万/月";"1"
229;"运维工程师";"上海科箭软件科技有限公司";"0.7-1万/月";"若干"
230;"系统支撑-主机运维工程师(002695)(职位编号：cmos002695)";"中移在线服务有限公司";"0.8-1万/月";"1"
231;"车务运维-陕西物流业务";"华夏出行有限公司";"4-8千/月";"1"
232;"运维工程师";"西安同信力创项目管理咨询有限公司";"3.5-4.5千/月";"2"
233;"运维/实施工程师";"西安利和时代互联网科技有限公司";"4.5-6千/月";"3"
234;"运维工程师";"网思科技股份有限公司";"0.7-1万/月";"8"
235;"安全运维部总经理";"深圳光汇石油海运集团有限公司";"5-7万/月";"1"
236;"网站运维工程师";"北京博导前程信息技术股份有限公司";"6-9千/月";"1"
237;"集群系统开发运维工程师(算法类)(职位编号：uniview001364)";"浙江宇视科技有限公司";"0.8-1.5万/月";"若干"
238;"网络实习生（安全/运维/优化/通信）零基础";"西安云间信息科技有限公司";"4.5-6千/月";"3"
239;"外企桌面运维（西安）";"阳光雨露信息技术服务（北京）有限公司";"4.5-6千/月";"1"
240;"推广运维";"西安和风景商业运营管理有限公司";"3-4.5千/月";"2"
241;"运维工程师";"北京缤歌网络科技有限公司";"3-4.5千/月";"3"
242;"运维工程师（软件技术支持方向）";"北京华宇信息技术有限公司";"4.5-6千/月";"15"
243;"运维系统监控员";"西安国际医学投资股份有限公司";"3-4.5千/月";"4"
244;"运维工程师";"上海梦创双杨数据科技股份有限公司";"3.5-5千/月";"5"
245;"运维工程师";"缤果盒子";"3-4.5千/月";"1"
246;"运维经理";"陕西安裕智能科技有限公司";"6-8千/月";"1"
247;"IDC运维工程师";"晋商网络服务有限公司西安分公司";"3-6千/月";"10"
248;"IT运维工程师";"北京美联桥科技集团有限公司";"6-8千/月";"1"
249;"运维工程师（西安）";"西安银信博锐信息科技有限公司";"3-4.5千/月";"1"
250;"售后运维――西安";"上海天跃科技股份有限公司";"2-4千/月";"7"
251;"运维实施工程师";"陕西纳吉特数据科技有限公司";"3-4.5千/月";"1"
252;"会议接待";"陕西运维电力股份有限公司";"2-3千/月";"若干"
253;"软件工程师";"甘肃上航电力运维有限公司";"6-8千/月";"2"
254;"文案策划";"西安美齐电子商务有限公司";"3.5-7千/月";"1"
255;"软件实施工程师（西安市）";"福建博思软件股份有限公司";"4-7千/月";"10"
256;"JAVA软件工程师（资深）（西安研发分中心）(职位编号：YNT-YF-002-4)";"云南航信空港网络有限公司";"15-20万/年";"若干"
257;"数据挖掘工程师";"联合汽车电子有限公司西安厂";"10-15万/年";"1"
258;"开发客服专员/巡店专员（高邮）";"镜尚传媒有限公司";"3-8千/月";"5"
259;"系统维护工程师";"西安明锐智慧城市科技发展有限公司";"6-8千/月";"若干"
260;"电气检测工程师";"西安东升科技有限公司";"3.5-6千/月";"2"
261;"网络运营专员";"陕西爱前方教育科技有限公司";"3.6-6千/月";"2"
262;"网络维护工程师";"陕西欧悦家健康管理有限责任公司";"3-4.5千/月";"1"
263;"实施工程师";"陕西吉鑫信息技术有限公司";"0.5-1万/月";"1"
264;"数据库分析师";"西安银石科技发展有限责任公司";"4.5-6千/月";"1"
265;"文案策划";"西安乐居商置不动产有限公司";"4-7千/月";"1"
266;"售后工程师";"西安森戈精密信号科技有限公司";"4-8千/月";"10"
267;"环保总工";"陕西德惠源绿色循环环保科技股份有限公司";"0.8-1万/月";"3"
268;"系统工程师";"杭州百世伽信息科技有限公司";"3-8千/月";"10"
269;"IT管理员";"陕西辉煌物流有限公司";"5-7千/月";"1"
270;"IT系统工程师";"西安松林超级市场有限公司";"3-4.5千/月";"2"
271;"项目支持工程师";"广东联汛教育科技有限公司";"4-7千/月";"10"
272;"运营总监";"西安凯烁电子科技有限公司";"1-1.5万/月";"1"
273;"系统集成售后工程师";"西安智联网络科技有限公司";"4-6千/月";"3"
274;"MES\仿真\SCADA\可视化监控项目人员";"陕西建工金牛集团股份有限公司";"3-4.5千/月";"1"
275;"计算机信息岗";"陕西微盟信息技术有限公司";"5-8千/月";"1"
276;"高级JAVA开发工程师（西安）";"浙江正元智慧科技股份有限公司";"1-1.8万/月";"2"
277;"网络维护工程师";"陕西省商务技术学校";"3-4.5千/月";"1"
278;"IT维护员";"上海韵达货运有限公司";"4-6千/月";"若干"
279;"信息管理人员";"上药科园信海陕西医药有限公司";"3-3.5千/月";"1"
280;"实施/java/android/c++/ios/php、其他";"中讯志远（武汉）科技有限公司";"4.5-6千/月";"若干"
281;"Java开发工程师";"上海中城卫保安服务集团有限公司陕西分公司";"6-8千/月";"1"
282;"商服经理";"嘉联支付有限公司";"4-6千/月";"2"
283;"售后技术支持工程师（环境事业部）";"聚光科技(杭州)股份有限公司";"3-4.5千/月";"2"
284;"管理培训生";"开能智慧能源有限公司";"0.7-1万/月";"20"
285;"云平台及云桌面售前工程师";"西安正保网络科技有限公司";"6-8千/月";"3"
286;"物业工程主管";"陕西正泰物业管理有限公司";"3-4.5千/月";"2"
287;"Java高级开发工程师";"北京同方艾威康科技有限公司";"0.8-1万/月";"1"
288;"信息化技术";"中铁建（北京）物业管理有限公司西安分公司";"4-6千/月";"1"
289;"景区商务经理（甘宁青）-玩乐事业部J12312";"去哪儿网玩乐事业部";"1-1.5万/月";"若干"
290;"基础架构岗(职位编号：530346)";"西安吉利汽车有限公司";"6-8千/月";"2"
291;"技术支持主管（服务）";"西安和芯信息科技有限公司";"5-8千/月";"6"
292;"网络工程师";"寰图（西安）商务服务有限公司";"5-7千/月";"1"
293;"10kV电力配网抢修、运行维护专工";"西安恒信通电力科技有限公司";"4.5-6千/月";"3"
294;"信息员";"陕西龙起汽车贸易有限公司";"3-4.5千/月";"1"
295;"高级网络工程师";"陕西美和电子科技有限公司";"6-8千/月";"5"
296;"VM虚拟桌面工程师（中级）";"陕西瑞金电子科技有限公司";"6-8千/月";"1"
297;"国企直招 销售代表（双休）";"中国人寿保险股份有限公司西安市新城支公司";"4.5-6千/月";"若干"
298;"实习生（java技术方向）";"西安神州数码有限公司";"2-3千/月";"10"
299;"技术支持工程师（西安）";"上海博达数据通信有限公司";"4.5-6千/月";"1"
300;"技术支持工程师";"西安一联盛实业有限公司";"3-6千/月";"3"
301;"日语网络工程师（会日语，网络零基础也可以）";"创译科技（大连）有限公司";"1.3-3万/月";"50"
302;"人事行政助理";"西安比尔电子科技有限公司";"2-5千/月";"若干"
303;"大区经理";"西安瑞特森信息科技有限公司";"4-8千/月";"3"
304;"弱电工程师";"陕西沙河实业有限公司";"6-8千/月";"1"
305;"软件实施工程师";"西安笃定信息技术有限公司";"3-4.5千/月";"10"
306;"IT工程师(J13537)";"好车酷酷二手车经纪（天津）有限公司";"1-1.5万/月";"1"
307;"CDN工程师";"北京宜选科技股份公司";"1-1.8万/月";"2"
308;"JAVA工程师（技术主管）";"西安雅森研学教育科技有限公司";"0.6-1.2万/月";"1"
309;"意大利语运营储备/客服";"宁波豪雅进出口集团有限公司";"4-6千/月";"5"
310;"网络管理员";"西安曲江文化旅游股份有限公司大唐芙蓉园景区管理分公司";"3-4.5千/月";"1"
311;"信息专员";"普汇中金国际控股有限公司中国区域总部";"4.5-6千/月";"1"
312;"网络维护工程师加双休";"西安图标通信科技有限公司";"2.5-3.5千/月";"10"
313;"运营专员/运营助理";"西安帅先网络科技有限公司";"2-4千/月";"2"
314;"网站维护工程师";"陕西法利达传媒有限公司";"4.5-6千/月";"1"
315;"系统维护管理";"西安安心新世纪月子服务有限公司";"3-6千/月";"1"
316;"Web开发工程师";"西安世达通电子信息技术有限公司";"6-8千/月";"3"
317;"高级IT服务工程师";"陕西中海知易信息技术有限公司";"3-4.5千/月";"3"
318;"应届毕业生/实施顾问";"明源软件西安公司";"4-6千/月";"3"
319;"系统维护专员";"迈盛悦合体育用品有限公司";"3.5-4.5千/月";"1"
320;"渠道销售经理";"陕西恒泰天宇电子科技有限公司";"10-15万/年";"2"
321;"售前顾问";"西安融科通信技术有限公司";"0.6-1.2万/月";"3"
322;"销售经理（西安）";"霍立克电气有限公司";"15-20万/年";"1"
323;"网络维护员";"西安华阳城商业管理运营有限责任公司";"3-4千/月";"1"
324;"软件工程师";"上海澳华光电内窥镜有限公司";"0.8-1.2万/月";"1"
325;"半导体设备维修维护工程师";"西安欧鹏信息技术有限公司";"3-4.5千/月";"若干"
326;"无责10k急聘策划总监";"陕西处商网络科技有限公司";"4.5-6千/月";"2"
327;"驻场工程师（存储虚拟化方向）";"赛维思科技有限公司";"1-1.5万/月";"2"
328;"网站、网络维护员";"陕西嘉力建设工程有限公司";"3-5千/月";"1"
329;"IT技术支持/Helpdesk（常驻银行）";"北京直信创邺数码科技有限公司";"4-4.5千/月";"1"
330;"运营总监";"西安凯烁电子科技有限公司";"1-1.5万/月";"1"
331;"技术助理";"西安远古信息科技股份有限公司";"4-5千/月";"1"
332;"售后工程师";"北京万户网络技术有限公司";"3-6千/月";"若干"
333;"高级实施工程师";"北京明朝万达科技股份有限公司";"0.7-1万/月";"2"
334;"康宁与彩虹联合招聘：维护工程师";"陕西启业实业集团有限公司";"1-1.5万/月";"2"
335;"城市运营经理";"大连艾思信息技术有限公司";"20-100万/年";"40"
336;"IT管理员";"陕西辉煌物流有限公司";"5-7千/月";"1"
337;"实施管理专员";"海信网络科技公司";"4.5-6千/月";"1"
338;"存储产品经理";"西安奥卡云数据科技有限公司";"1.5-2万/月";"5"
339;"驻场维护工程师";"UT斯达康（中国）股份有限公司";"4-6千/月";"若干"
340;"实施管理专员";"海信网络科技公司";"4.5-6千/月";"1"
341;"存储产品经理";"西安奥卡云数据科技有限公司";"1.5-2万/月";"5"
342;"驻场维护工程师";"UT斯达康（中国）股份有限公司";"4-6千/月";"若干"
343;"计算机维护工程师 4k 双休";"西安荣佳商贸有限公司";"4.5-6千/月";"2"
344;"公共关系";"西安鼎都实业有限公司";"5-7千/月";"2"
345;"网络工程师";"爱讯达科技（深圳）有限公司";"5-8千/月";"若干"
346;"网络维护工程师";"西安北斗星财务管理有限公司";"3-4.5千/月";"5"
347;"互联网在线专员";"盛鼎轩商贸";"3.5-5.5千/月";"3"
348;"项目助理（双休+五险一金）";"万胜商贸";"3-4.5千/月";"3"
349;"电气工程师";"宝能汽车有限公司";"0.7-2万/月";"2"
350;"信息化业务主管";"陕西恒通果汁集团股份有限公司";"4.5-6千/月";"若干"
351;"网络管理员（周末双休+节日福利）";"北京沛合健康科技有限公司西安分公司";"2-4千/月";"1"
352;"软件技术经理";"南京启征信息技术有限公司";"1-1.8万/月";"2"
353;"新媒体运营专员";"陕西绿色医疗科技有限公司";"4-6千/月";"若干"
354;"软件实施工程师（长期出差驻外）";"陕西公众仕达软件科技有限公司";"3-6千/月";"1"
355;"模特演绎经纪人";"北京热度文化传媒有限公司西安分公司";"4.5-6千/月";"2"
356;"IT主管";"安徽阳光信通电子科技有限公司西安分公司";"5-8千/月";"1"
357;"网络维护";"西安莲湖智行医院有限公司";"2-4千/月";"1"
358;"雅居乐-实施工程师（西北区）";"雅居乐雅生活集团雅天网络科技公司";"0.6-1.2万/月";"若干"
359;"机房维护工程师";"上海遐通信息科技有限公司";"3.5-6千/月";"2"
360;"大数据开发工程师";"北京德天博诚科技有限公司";"1-2万/月";"2"
361;"网络维护工程师";"西安赶鸭子商贸有限公司";"3-4.5千/月";"2"
362;"大数据开发工程师";"陕西万盛达信息科技有限公司";"0.8-1.5万/月";"1"
363;"网络工程师";"西安云雀软件有限公司";"4-6千/月";"2"
364;"大数据开发工程师";"上海阅维信息科技有限公司";"1-2万/月";"3"
365;"Java 研发工程师";"上海易谷网络科技股份有限公司";"0.6-1.2万/月";"若干"
366;"市场推广专员";"西安博康电子有限公司";"3-4.5千/月";"1"
367;"项目经理-YF002";"西安图迹信息科技有限公司";"0.8-1.5万/月";"2"
368;"活动策划";"陕西言十企业集团有限公司";"3-3.5千/月";"1"
369;"项目经理";"创业软件股份有限公司";"1-1.5万/月";"2"
370;"机械售后工程师";"江苏桂铭机械有限公司";"3-6千/月";"15"
371;"暖通工程师";"深圳市爱能森科技有限公司";"0.6-1.2万/月";"1"
372;"云计算虚拟化开发工程师";"大唐移动通信设备有限公司西安分公司";"1-1.5万/月";"5"
373;"驻点技术支持工程师-西安-01661";"网宿科技股份有限公司";"4-6千/月";"1"
374;"网络维护工程师";"住化电子材料科技（西安）有限公司";"3-4.5千/月";"1"
375;"Java高级开发工程师";"西安亿阳信通软件科技发展有限公司";"1-1.5万/月";"若干"
376;"Java架构师";"上海师悦信息科技有限公司西安分公司";"1.5-2.5万/月";"2"
377;"全栈开发工程师";"西安思科特软件有限公司";"1-1.5万/月";"1"
378;"大数据开发工程师";"杭州世平信息科技有限公司";"0.8-1.5万/月";"3"
379;"网络管理专员";"西安佳帮手日用品有限公司";"3.5-5千/月";"1"
380;"技术支持/维护工程师";"西安承信网络信息技术有限公司";"3-4.5千/月";"1"
381;"网络工程师（19届校招）";"西安新路网络科技有限公司";"5-8千/月";"2"
382;"研发项目经理";"西安盈通思科软件科技有限公司";"1-1.5万/月";"1"
383;"实施工程师";"湖南建研信息技术股份有限公司";"2.5-5千/月";"3"
384;"(ID67814)知名汽车公司急聘数据挖掘工程师(职位编号：67814)";"上海任仕达人才服务有限公司";"0.8-1.1万/月";"1"
385;"UPS安装和维护工程师";"美图（中国）机电设备有限公司";"4.5-6千/月";"若干"
386;"DevOps Engineer";"印孚瑟斯技术（中国）有限公司";"1-1.5万/月";"若干"
387;"售后工程师（实习生）";"三盟科技股份有限公司";"2-4千/月";"若干"
388;"信息系统监理员";"时代鼎典工程咨询有限公司";"2-3千/月";"2"
389;"华润置地华西大区商业校园招聘";"华润置地（成都）商业管理公司";"5-8千/月";"33"
390;"区域销售经理（全国各办事处）";"深圳市友华通信技术有限公司";"1-1.5万/月";"若干"
391;"客户服务支持专家";"华为技术有限公司";"2-2.5万/月";"4"
392;"IT培训讲师（Linux）";"北京中公教育科技股份有限公司";"0.6-1.2万/月";"15"
393;"人工智能机器学习工程师";"西安橡树软件有限公司";"0.8-1万/月";"2"
394;"IT技术支持工程师 180713x";"上海如创网络技术有限公司";"6-8千/月";"20"
395;"大数据开发工程师";"青海宝讯溯源网络科技有限公司西安分公司";"6-8千/月";"1"
396;"项目经理";"北京世纪超星信息技术发展有限责任公司";"0.5-1万/月";"若干"
397;"Java高级开发工程师";"圆通速递有限公司";"1.8-2.4万/月";"8"
398;"项目实施工程师";"广州思迈特软件有限公司";"0.5-1万/月";"2"
399;"文案策划";"陕西佳桦实业有限公司";"4.5-6千/月";"2"
400;"商务专员";"卓智网络科技有限公司";"4-5千/月";"1"
401;"驻厂服务工程师(北京）";"深圳市中钞科信金融科技有限公司";"0.5-1万/月";"若干"
402;"Web前端开发工程师";"深圳市讯方技术股份有限公司";"0.8-1万/月";"1"
403;"售后技术支持工程师";"深圳市天盈隆科技有限公司";"3-4千/月";"1"
404;"软件技术(职位编号：20180501)";"陕西万方汽车零部件有限公司";"6-10万/年";"1"
405;"视频监控工程师";"西安信意通科技有限公司";"0.5-1万/月";"20"
406;"策划执行/新媒体运营推广";"西安普惠健康体检有限公司";"4-6千/月";"1"
407;"平台维护";"陕西圣西朗德实业有限公司";"4.5-6千/月";"1"
408;"数据开发工程师";"北京先进数通信息技术股份公司";"4-8千/月";"2"
409;"电子商务人员";"丝绸之路金服科技有限公司";"0.4-2万/月";"3"
410;"IPTV/OTT工程师";"飞思达技术（北京）有限公司";"6-8千/月";"2"
411;"Java高级开发工程师";"深圳市德卡科技股份有限公司";"1.5-2万/月";"3"
412;"PHP高级开发工程师";"陕西恒东网络科技有限责任公司";"1-1.5万/月";"2"
413;"商务编辑";"瑞庭网络技术（上海）有限公司西安分公司-安居客";"6-8千/月";"2"
414;"技术支持工程师实习生";"杭州品茗安控信息技术股份有限公司";"2-3千/月";"10"
415;"销售业务员";"西安沃泰科技有限公司";"3-5千/月";"5"
416;"Java高级开发工程师";"西安富立叶微电子有限责任公司";"1-1.5万/月";"1"
417;"机电一体化工程师";"西安丽源物业管理有限公司";"4.5-6千/月";"1"
418;"资料员";"西安高科电气科技有限公司";"3-4.5千/月";"2"
419;"软件工程师（陕西区域）";"广州天维信息技术股份有限公司";"4-8千/月";"2"
420;"驻场工程师（西安）";"杭州三汇数字信息技术有限公司";"0.5-1万/月";"1"
421;"产品助理";"西安光谷防务技术股份有限公司";"4.5-6千/月";"1"
422;"IT技术支持";"西安高唐商贸有限公司";"4.5-6千/月";"2"
423;"国内客服工程师";"隆基乐叶光伏科技有限公司";"0.6-1万/月";"2"
424;"系统集成及维护工程师";"逸华天然气有限公司";"3.5-5千/月";"1"
425;"Java高级开发工程师";"陕西狮佰硕供应链管理有限公司";"1-1.5万/月";"2"
426;"机器人应用工程师";"西安培韵智能科技有限公司";"6-8千/月";"3"
427;"技术支撑工程师";"陕西鑫众为软件有限公司";"3.5-8千/月";"若干"
428;"底薪4.5K+管家+包住+综合8K";"深圳思倍思文化有限公司";"0.8-1万/月";"15"
429;"系统实施工程师";"陕西北斗金控信息服务有限公司";"0.6-1.2万/月";"1"
430;"技术支持工程师";"陕西中豪健康管理股份有限公司";"4-5千/月";"5"
431;"技术部经理4000-8000/月";"西安善翔电子科技有限责任公司";"4-8千/月";"2"
432;"驻地业务代表";"重庆虎威科技有限公司";"4-8千/月";"2"
433;"电气二次设计";"西安西拓电气股份有限公司";"6-8千/月";"2"
434;"材料设备主管";"陕西开城建设工程有限公司";"6-8千/月";"1"
435;"技术支持/维护经理";"西安臻道信息科技有限公司";"3-4千/月";"10"
436;"MES/MD系统维护技术支持";"西安万兴服务外包有限责任公司";"0.4-1万/月";"5"
437;"Python开发工程师";"西安优逸客网络科技有限公司";"0.6-1万/月";"2"
438;"组织发展专员（OD职位）";"西安链家总部";"4.5-6千/月";"1"
439;"Devops高级工程师";"西安华恒航电科技有限公司";"0.8-1万/月";"若干"
440;"精品公寓店长";"南京朗诗寓商业管理有限公司";"0.8-1万/月";"若干"
441;"弱电项目经理";"西安艾润物联网技术服务有限责任公司";"4.5-6千/月";"1"
442;"光伏销售经理\总监";"上海�K祺企业管理咨询有限公司";"1-1.5万/月";"2"
443;"软件实施工程师（需要长期出差）";"厦门市巨龙信息科技有限公司";"5-8千/月";"4"
444;"DBA工程师（base：西宁）";"四川星盾科技股份有限公司";"5-8千/月";"1"
445;"信息安全经理";"西安伯恩人力资源咨询有限公司";"2.5-3万/月";"1"
446;"信息管理专员";"西安高山流水景观工程设计有限公司";"4.5-5千/月";"1"
447;"IT专员";"西安运通博宝汽车销售服务有限公司";"3-4.5千/月";"1"
448;"Java高级开发工程师";"广誉远中药股份有限公司";"1.2-2万/月";"1"
449;"软件维护工程师";"西安合众思壮电信通讯有限责任公司";"3-4.5千/月";"1"
450;"Service数据中心BIM应用工程师（西安）(职位编号：vertiv000939)";"维谛技术有限公司";"0.8-1万/月";"1"
451;"系统维护工程师";"西安唐远信息科技有限公司";"3-5千/月";"2"
452;"无责底薪4500+公寓管家+住宿+综合8K";"乐美思贸易（深圳）有限公司";"0.8-1万/月";"20"
453;"项目维护工程师";"北京亚控科技发展有限公司";"4.5-6千/月";"3"
454;"售前工程师(职位编号：003)";"中科宇图科技股份有限公司";"0.5-1万/月";"1"
455;"（西安）技术支持工程师";"网强信息技术（上海）有限公司";"3-4.5千/月";"1"
456;"系统维护员";"西安大明宫实业集团";"4-5千/月";"1"
457;"系统集成项目经理";"陕西硅格科技有限公司";"3-5千/月";"若干"
458;"技术支持工程师";"南大傲拓科技江苏股份有限公司";"0.5-1万/月";"2"
459;"PHP开发工程师";"陕西太白山旅游网络科技有限公司";"5-7千/月";"2"
460;"智慧能源项目运营经理";"思安新能源股份有限公司";"0.8-1万/月";"2"
461;"MES实施项目经理";"北京安控科技股份有限公司";"1-2万/月";"5"
462;"云方向业务部门_大数据平台研究高级工程师";"北京思特奇信息技术股份有限公司陕西分公司";"1-1.5万/月";"1"
463;"服务工程师";"深圳市雁联计算系统有限公司";"5-8千/月";"若干"
464;"高层协议软件开发工程师-西安";"大唐移动通信设备有限公司";"0.8-1.3万/月";"10"
465;"网络维护员";"陕西健驰生物药业有限公司";"2-4千/月";"1"
466;"电气工程师";"爱玛客服务产业（中国）有限公司";"1-1.5万/月";"1"
467;"软件实施工程师";"杭州财人汇网络股份有限公司";"6-8千/月";"1"
468;"维护工程师";"上海蔚来汽车有限公司";"6-8千/月";"3"
469;"底薪4.5K+公寓管家+包住";"深圳前海华字号国际供应链有限公司";"0.8-1.2万/月";"8"
470;"系统集成工程师";"北京微智信业科技有限公司";"6-8千/月";"1"
471;"文案编辑";"陕西聚秦电子商务有限公司";"4.5-6千/月";"2"
472;"高级集成交付工程师";"深圳光启空间技术有限公司";"1.5-2万/月";"3"
473;"技术支持工程师";"南京海泰医疗信息系统有限公司";"4.5-6千/月";"3"
474;"高级车辆运营";"哈罗出行（哈罗单车hellobike）";"0.8-1万/月";"5"
475;"培训助理";"积木家（原蘑菇装修）";"3-6千/月";"1"
476;"JAVA软件工程师";"上海谷彦信息科技有限公司";"0.8-1.2万/月";"若干"
477;"环卫项目经理";"浙江云沃汽车科技有限公司";"4-6千/月";"1"
478;"检测项目总工";"西部第三方检测集团有限公司";"1-1.5万/月";"1"
479;"java后端开发";"广州优孚欧智能科技有限公司";"0.8-1.5万/月";"1"
480;"产品经理";"陕西金叶莘源信息科技有限公司";"0.8-1万/月";"1"
481;"体系维护工程师";"西安源森生物科技有限公司";"5-6万/年";"1"
482;"网络安全工程师-西安";"北京信达环宇安全网络技术有限公司";"4-6千/月";"2"
483;"维护工程师（室分技术员）";"四川邮科通信技术有限公司";"4-6千/月";"2"
484;"信息技术经理";"陕西品格蒙特梭利企业管理服务有限公司";"6-8千/月";"1"
485;"3000聘电信接听客服";"陕西省通信服务有限公司中天信息分公司";"0.7-1.5万/月";"1"
486;"服务器硬件开发工程师（EE）";"华勤通讯技术有限公司";"1-2万/月";"5"
487;"系统集成工程师(职位编号：GQXX-GJJF)";"西安冠群信息技术有限公司";"1-1.5万/月";"1"
488;"互联网+新媒体运营专员";"西安微媒软件有限公司";"5-8千/月";"3"
489;"金融云数据工程师A05(职位编号：A05-3)";"赞同科技股份有限公司";"6-8千/月";"4"
490;"日语翻译、导购、营业员（长期日本出差）年收15万左右";"大连新翔教育咨询有限公司";"1-1.5万/月";"20"
491;"硬件与网络技术";"陕西汉德车桥有限公司";"4.5-6千/月";"1"
492;"Java高级开发工程师";"亿阳信通股份有限公司";"1-1.5万/月";"若干"
493;"系统运行维护工程师";"比亚迪汽车金融有限公司";"0.8-1万/月";"若干"
494;"实施工程师(职位编号：01)";"西安吉检盛达信息技术有限公司";"4.5-6千/月";"20"
495;"空调维修工";"西安市宜爱欢乐城广场股份有限公司";"3-4.5千/月";"1"
496;"MES实施项目经理";"北京安控科技股份有限公司";"1-2万/月";"5"
497;"电气工程师(职位编号：20170424)";"西安欧佰嘉电力科技工程有限公司";"4-8千/月";"若干"
498;"大数据开发工程师";"西安宏源视讯设备有限责任公司";"0.5-1万/月";"1"
499;"系统维护员";"西安德珈贸易有限公司";"3-4.5千/月";"1"
500;"大数据开发工程师";"北京明略软件系统有限公司";"2-2.5万/月";"2"
501;"大数据平台架构师（西安）";"杭州数云信息技术有限公司";"1.8-3万/月";"3"
502;"技术工程师（储能）";"广州智光电气股份有限公司";"1-2万/月";"3"
503;"C开发工程师（实习、初级、中级）";"上海平欣电子科技有限公司";"0.3-1万/月";"5"
504;"区域销售经理";"陕西惠齐电力科技开发有限公司";"0.5-1万/月";"10"
505;"服务器存储工程师（西安）(J10173)";"北京奕斯伟科技有限公司";"1-2万/月";"1"
506;"电气技术员";"北京埃顿酒店服务有限公司";"3-4.5千/月";"1"
507;"计算机系统维护";"西安威远贸易有限责任公司";"2.5-3.5千/月";"若干"
508;"信息安全主任工程师(J10855)";"宁夏隆基硅材料有限公司";"1.5-2万/月";"1"
509;"冠寓管家";"龙湖集团地产";"4.5-6千/月";"5"
510;"Java资深开发工程师";"陕西速橘丰信息科技有限公司";"1-1.5万/月";"2"
511;"软件测试工程师";"上海法沃信息科技有限公司";"6-8千/月";"2"
512;"网络工程师";"西安博深安全科技股份有限公司";"4.5-6千/月";"1"
513;"盒马鲜生---IT主管（新兴店）";"上海盒马网络科技有限公司";"6-8千/月";"2"
514;"后台技术维护";"陕西百旺金赋信息科技有限公司";"2-4千/月";"1"
515;"Java初级开发工程师";"陕西现代教育研究院";"4.5-6千/月";"1"
516;"Web开发工程师（西安）(职位编号：ZY)";"绿盟科技";"0.8-1.5万/月";"若干"
517;"售前/售后技术支持工程师";"中国软件与技术服务股份有限公司";"4-6千/月";"5"
518;"运营总监";"西安微点商务信息咨询有限公司";"1-1.5万/月";"1"
519;"软件项目经理";"水禾测绘信息技术有限公司";"6-8千/月";"若干"
520;"软件项目实施开发工程师";"荣尧泰（北京）信息科技有限公司";"0.8-1万/月";"5"
521;"实施顾问";"广东以大供应链管理有限公司";"6-8千/月";"若干"
522;"内容编辑";"西安万卷图书有限公司";"2-3千/月";"若干"
523;"技术工程师";"米兰集团";"3.5-5千/月";"5"
524;"大数据开发工程师";"万达信息股份有限公司";"1.5-2万/月";"若干"
525;"web开发工程师/小程序开发";"旅拍通科技有限公司";"6-8千/月";"1"
526;"行政主管";"西安常乐城市发展有限公司";"6-8千/月";"1"
527;"电商副总";"西安力氪智能科技有限公司";"2-2.5万/月";"2"
528;"网络维护工程师";"西安医药股份有限公司";"2-3千/月";"2"
529;"网络编辑";"西安创典全程地产顾问股份有限公司";"4-6千/月";"3"
530;"服务器工程师";"华天科技（西安）有限公司";"0.5-1万/月";"2"
531;"系统实施和维护工程师";"西安商通软件有限责任公司";"3-6千/月";"5"
532;"各营业部-信息技术岗";"国泰君安期货有限公司";"10-20万/年";"若干"
533;"嵌入式软件设计工程师";"河南思维信息技术有限公司";"0.8-1.2万/月";"6"
534;"外资服务质量管理助理";"聚思鸿信息技术服务Concentrix";"4.5-6千/月";"30"
535;"实施工程师（本部能源行业方向）";"陕西万德信息科技股份有限公司";"4-6千/月";"5"
536;"售后服务专家（西安）";"传化物流集团有限公司（绿色慧联）";"5-8千/月";"1"
537;"陕西-项目实施工程师（校园招聘）";"北京数字政通科技股份有限公司";"4.5-6千/月";"若干"
538;"技术经理";"西安名世信息科技有限公司";"3.5-6千/月";"1"
539;"售前售后工程师";"恒天益科技（深圳）有限公司";"3-4.5千/月";"2"
540;"新闻编辑";"新浪网房产频道―地方站";"3-4.5千/月";"1"
541;"实施服务实习生";"用友网络科技股份有限公司陕西分公司";"1-2千/月";"若干"
542;"研发主管";"陕西中创云车科技有限公司";"0.8-1万/月";"2"
543;"DevOps";"上海云首信息科技有限公司";"1.2-1.6万/月";"2"
544;"DBA";"西安华众电子科技股份有限公司";"0.8-1万/月";"3"
545;"项目实施工程师";"新智认知数据服务有限公司";"4.5-6千/月";"2"
546;"环保工程师";"陕西惠丰制药有限公司";"3-4.5千/月";"1"
547;"网络管理";"南京风云投资管理有限公司";"3-5千/月";"1"
548;"新能源汽电车（视频、内刊等） 主编/副主编(职位编号：YYCH--005A)";"渭南星美银河新能源科技有限公司";"0.8-1万/月";"1"
549;"宣传主管";"西安软件服务外包学院";"4.5-6千/月";"1"
550;"招聘2017-2018届毕业生";"新百丽鞋业（深圳）有限公司西安分公司";"3.5-4.5千/月";"11"
551;"销售工程师";"凯特克集团凯特克贸易（上海）有限公司";"5-6千/月";"2"
552;"成长陪伴导师";"北京新东方前途出国咨询有限公司西安分公司";"4-6千/月";"1"
553;"助理工程师（软件方向）";"西安思源科创轨道交通技术开发有限公司";"4.5-6千/月";"2"
554;"教学主管（小学英语）";"海风教育-K12 在线一对一";"5-7千/月";"1"
555;"客户支持";"西安思达典雅软件有限公司";"3-4千/月";"2"
556;"IT工程师";"西安中科微精光子制造科技有限公司";"0.6-1万/月";"1"
557;"CATIA二次开发工程师";"北京华洋宏软件开发有限责任公司";"0.8-1.5万/月";"2"
558;"齐家网-";"上海齐家网信息科技股份有限公司";"3-4.5千/月";"1"
559;"雅居乐-实施工程师（西北区）";"雅居乐雅生活集团雅通智能科技公司";"0.8-1.2万/月";"若干"
560;"电梯技工";"北京戴德梁行物业管理有限公司西安分公司";"3-4.5千/月";"1"
561;"大数据开发工程师";"天图软件科技有限公司";"0.8-1.6万/月";"2"
562;"医疗项目经理";"西安卫康数据系统有限公司";"6-8千/月";"2"
563;"文案策划";"西安海舟实业有限公司";"4-6千/月";"1"
564;"运营实习生(职位编号：03)";"西安白梦行教育科技有限公司";"1-2千/月";"5"
565;"大数据开发工程师";"上海思伟软件有限公司";"1-3万/月";"若干"
566;"SaaS系统架构师";"得一创新（北京）科技有限公司西安分公司";"1-1.5万/月";"若干"
567;"新媒体运营专员";"西安新联盟文化培训中心";"4-6千/月";"1"
568;"技术支持（西安）";"福建升腾资讯有限公司";"3-4.5千/月";"1"
569;"技术服务工程师";"陕西宇阳信息科技有限公司";"4.5-6千/月";"2"
570;"IT工程师";"西安闻泰电子科技有限公司";"4.5-6千/月";"若干"
571;"日语客户经理 AM";"DotC United Group";"4-6千/月";"2"
572;"空调工";"中兴通讯股份有限公司";"4.5-6千/月";"1"
573;"人力资源主管";"陕西鸿瑞实业集团有限公司";"5-6千/月";"1"
574;"移动APP开发工程师";"西安凯道尔网络科技有限公司";"6-8千/月";"1"
575;"系统集成维护工程师";"珠海市安克电子技术有限公司";"2-3千/月";"若干"
576;"信息安全技术总监";"北京优炫软件股份有限公司";"0.8-1万/月";"1"
577;"物业工程主管";"西安创业物业发展有限公司";"3-4.5千/月";"若干"
578;"企划专员";"西安云开企业管理咨询有限公司";"3-4.5千/月";"2"
579;"发动机维护工程师";"陕西智翔航空科技发展有限公司";"3-4.5千/月";"1"
580;"销售代表/互联网销售/网络销售（西安）";"上海佰贝科技发展有限公司";"3-4.5千/月";"5"
581;"信息技术专员";"陕西天行健车联网信息技术有限公司";"4.5-6千/月";"3"
582;"项目策划+文案";"陕西文化产业（西安）投资有限公司";"6-8万/年";"若干"
583;"信息技术网络管理员";"长安期货有限公司";"4.5-6千/月";"5"
584;"IT系统维护员";"华联SKP（陕西）百货有限公司";"3-5千/月";"6"
585;"系统集成实施工程师";"西安启望计算机系统工程有限责任公司";"3-4.5千/月";"2"
586;"网络IT工程师";"上海有智网络科技有限公司西安分公司";"0.5-1万/月";"1"
587;"技术支持工程师";"苍穹数码技术股份有限公司";"3-5千/月";"5"
588;"支付平台工程师";"延长壳牌山西石油有限公司";"0.8-1万/月";"1"
589;"初级项目实施工程师";"维豪信息安全技术有限公司";"5-6.5千/月";"2"
590;"系统维护专员/主管";"广东都市丽人实业有限公司";"5-8千/月";"1"
591;".NET开发工程师";"西安斯普德科技有限公司";"4-8千/月";"若干"
592;"数据工程师（LT13whx）";"北京东方国信科技股份有限公司";"0.5-1万/月";"2"
593;"水电暖通工";"陕西三友工程服务有限公司";"3-5.5千/月";"10"
594;"国内产品运营";"西安欧必信息技术有限公司";"3-4.5千/月";"若干"
595;"终端维护工程师-西安";"郑州信大捷安信息技术股份有限公司";"4-6千/月";"1"
596;"电力工程项目经理";"银河电气有限公司";"4-6千/月";"2"
597;"弱电技工";"西安大融城购物中心";"3-4.5千/月";"2"
598;"网络工程师（西安）";"北京神州新桥科技有限公司";"4.5-6千/月";"1"
599;"软件系统开发机维护工程师";"西安塑龙熔接设备有限公司";"4-6千/月";"2"
600;".NET项目经理";"西安丝路智慧旅游科技有限公司";"1-1.5万/月";"1"
601;"IT维护专员";"上海证大喜马拉雅网络科技有限公司";"6-8千/月";"1"
602;"二维地图开发工程师";"陕西凯仕企业管理咨询有限公司";"1-1.5万/月";"1"
603;"后台开发工程师";"西安触手网络科技有限公司";"0.8-1万/月";"2"
604;"网络维护专员";"陕西瑞达名都酒店管理有限公司";"3-3.5千/月";"2"
605;"保险代理人（周末双休）";"中国人寿保险股份有限公司西安市新城支公司";"8-10万/年";"若干"
606;"客户经理-西安";"浙江联盛合众新能源有限公司";"0.8-1万/月";"2"
607;"信息技术主管（百寰购物中心）";"西安百寰建材实业有限责任公司";"4.5-6千/月";"1"
608;"媒体公关";"西安慧晶智能科技有限公司";"4-8千/月";"1"
609;"智能化产品运维研发工程师";"西安新兴自动控制电器有限公司";"2.5-4千/月";"1"
610;"运维";"软通动力信息技术（集团）有限公司";"1-1.5万/月";"1"
611;"微信小程序线上推广员";"上海烨侃信息科技有限公司";"1.5千以下/月";"若干"
612;"信息安全及IT技术支持实习岗";"西安博彦信息技术有限公司";"1.5-2千/月";"1"
613;"客服经理";"陕西超信信息科技有限公司";"2-3千/月";"2"
614;"总裁办助理";"陕西海嵘工程项目管理有限公司";"2-3千/月";"1"
615;"Linux运维工程师";"环迅通科技（北京）有限公司";"1-1.5万/月";"3"
616;"IT运维开发工程师";"中通服科信信息技术有限公司";"6-8千/月";"2"
617;"运维服务技术工程师";"西安西瑞控制技术股份有限公司";"4.5-6千/月";"6"
618;"运维检修";"西安西瑞控制技术股份有限公司";"3-5千/月";"10"
619;"运维工程师";"西安盈谷网络科技有限公司";"0.5-1万/月";"若干"
620;"大数据运维工程师";"南京烽火星空通信发展有限公司";"5.5-8.5千/月";"5"
621;"SAP BC模块运维工程师";"三星数据系统（西安）有限公司";"0.8-1.5万/月";"2"
622;"高薪诚聘运维司机";"陕西愣娃汽车服务有限公司";"4.5-6千/月";"20"
623;"高薪急招运维司机";"陕西愣娃汽车服务有限公司";"4.5-6千/月";"20"
624;"运维司机M";"陕西愣娃汽车服务有限公司";"4.5-6千/月";"若干"
625;"运维司机M";"陕西愣娃汽车服务有限公司";"0.8-1万/月";"若干"
626;"运维司机 M";"陕西愣娃汽车服务有限公司";"4.5-6千/月";"若干"
627;"运维司机   M";"陕西愣娃汽车服务有限公司";"4.5-6千/月";"若干"
628;"急招 运维司机M";"陕西愣娃汽车服务有限公司";"4.5-6千/月";"15"
629;"运维司机M";"陕西愣娃汽车服务有限公司";"4.5-6千/月";"35"
630;"配电自动化运维专员";"西安森宝电气工程有限公司";"3-5千/月";"2"
631;"电力运维专员";"西安森宝电气工程有限公司";"3-4千/月";"20"
632;"高级运维经理";"西安惠尔企业管理咨询有限公司";"0.8-1.5万/月";"1"
633;"机电运维专员";"西安智贸信息科技有限公司";"4-8千/月";"若干"
634;"初级软件运维工程师";"三门峡崤云信息服务股份有限公司";"3-6千/月";"1"
635;"高级数据库运维人员";"三门峡崤云信息服务股份有限公司";"0.8-1.5万/月";"1"
636;"桌面运维工程师";"北京万维信达科技有限公司";"4-8千/月";"若干"
637;"中级软件运维人员";"三门峡崤云信息服务股份有限公司";"0.8-1.5万/月";"1"
638;"初级软件运维人员";"三门峡崤云信息服务股份有限公司";"3-6千/月";"3"
639;"中级软件运维人员";"三门峡崤云信息服务股份有限公司";"4-8千/月";"1"
640;"高级云平台运维工程师";"三门峡崤云信息服务股份有限公司";"0.8-1.5万/月";"1"
641;"中级云平台运维工程师";"三门峡崤云信息服务股份有限公司";"4-8千/月";"1"
642;"初级软件运维人员";"三门峡崤云信息服务股份有限公司";"3-6千/月";"3"
643;"收单业务部-商户运维BD";"美团点评";"0.6-1万/月";"若干"
644;"自动化运维工程师(J10092)";"西安诺瓦电子科技有限公司";"6-9千/月";"1"
645;"服务器运维工程师";"陕西省君凯电子科技有限公司";"0.5-1万/月";"2"
646;"运维工程师";"陕西鼎驰网络技术有限公司";"2.5-4千/月";"4"
647;"运维专员/实习生 双休五险";"西安卓睿信息技术有限公司";"4.5-6千/月";"6"
648;"运维工程师/实习生 双休+五险一金";"西安卓睿信息技术有限公司";"4.5-6千/月";"6"
649;"IT运维初级实施工程师/实习生/助理（双休+4k-6k）";"西安卓睿信息技术有限公司";"4.5-6千/月";"6"
650;"SAP运维";"上海汉得信息技术股份有限公司";"1-1.8万/月";"若干"
651;"嵌入式硬件运维工程师";"西安因联信息科技有限公司";"0.8-1.5万/月";"1"
652;"系统运维工程师";"西安�嗬錾桃倒芾碛邢薰�司";"4-6千/月";"1"
653;"�I�I�I 服务器运维工程师 �I�I�I";"小马股份有限公司西安分公司";"0.5-2.5万/月";"若干"
654;"系统运维工程师(职位编号：1)";"云歌信息技术（江苏）有限公司";"5-8千/月";"1"
655;"linux系统运维工程师";"西安恒谦教育科技股份有限公司";"6-8千/月";"1"
656;"运维工程师";"陕西山海源人力资源发展有限公司";"4-6千/月";"2"
657;"系统运维工程师";"陕西利元电力设备有限责任公司";"4-8万/年";"5"
658;"监控运维开发工程师";"上海思华科技股份有限公司";"1.5-2万/月";"1"
659;"网络运维工程师";"西安海数多媒体技术有限公司";"3.5-5.5千/月";"2"
660;"运维工程师";"中科金审（北京）科技有限公司";"4-8千/月";"2"
661;"平台运维工程师";"西安因联信息科技有限公司";"0.7-1.2万/月";"1"
662;"运维商务助理";"陕西亿杰鑫信息技术有限公司";"2.5-4千/月";"1"
663;"Java运维工程师";"北京中软国际信息技术有限公司";"4.5-6.5千/月";"2"
664;"IT运维/技术支持";"北京中软国际信息技术有限公司";"4.5-6千/月";"2"
665;"继电保护及综自系统运维专员";"西安森宝电气工程有限公司";"3-6千/月";"4"
666;"电力运维项目经理";"西安森宝电气工程有限公司";"0.6-1万/月";"1"
667;"驻场运维工程师";"西安尚瑞信息技术有限公司";"3-4.5千/月";"若干"
668;"软件运维工程师/实施工程师";"康德曼（北京）互联网技术有限公司";"0.3-1万/月";"10"
669;"运维分析师-Operation Analyst";"Thoughtworks";"0.8-1.6万/月";"若干"
670;"数据中心初级运维工程师";"中国电信集团系统集成有限责任公司西安区域中心";"4-6千/月";"8"
671;"高级运维工程师";"中国电信集团系统集成有限责任公司西安区域中心";"0.6-1.1万/月";"2"
672;"运维工程师";"中国电信集团系统集成有限责任公司西安区域中心";"4-7千/月";"10"
673;"高级运维工程师";"中国电信集团系统集成有限责任公司西安区域中心";"0.7-1万/月";"3"
674;"高级运维工程师";"北京北信源软件股份有限公司";"1-1.4万/月";"1"
675;"高级运维经理";"神州数码系统集成服务有限公司西安分公司";"1-1.5万/月";"1"
676;"高级运维工程师";"华天慧创科技（西安）有限公司";"0.6-1万/月";"2"
677;"运维工程师";"上海京颐科技股份有限公司";"0.6-1万/月";"3"
678;"软件运维工程师";"每一天便利超市连锁有限公司信息中心研发部";"6-8千/月";"4"
679;"数据中心服务器存储运维工程师";"中国电信集团系统集成有限责任公司西安区域中心";"0.6-1万/月";"5"
680;"驻场运维工程师";"西安交大捷普网络科技有限公司";"4.5-6千/月";"若干"
681;"安全运维工程师";"北京天融信科技有限公司";"1-1.5万/月";"若干"
682;"系统运维工程师";"深圳优克云联科技有限公司";"1-1.5万/月";"若干"
683;"IT运维工程师";"深圳优克云联科技有限公司";"0.6-1万/月";"1"
684;"运维工程师（西藏拉萨出差）";"北京摩卡软件有限公司";"6-8千/月";"2"
685;"it运维管理(职位编号：zoina002397)";"中南置地总公司";"1-1.5万/月";"若干"
686;"系统运维工程师（西安）";"阳光雨露信息技术服务（北京）有限公司";"4.5-6千/月";"1"
687;"网络工程师（安全/运维）";"西安云间信息科技有限公司";"6-8千/月";"3"
688;"急聘网络/通信/运维/安全（初级/中级）";"西安云间信息科技有限公司";"6-8千/月";"3"
689;"诚聘网络管理员/运维/路由交换/网络实施";"西安云间信息科技有限公司";"6-8千/月";"3"
690;"网络工程师（安全/运维/优化/通信）";"西安云间信息科技有限公司";"6-8千/月";"3"
691;"00041-运维工程师（运维操作）";"上海趣医网络技术服务有限公司";"0.8-1.2万/月";"1"
692;"运维工程师";"上海趣医网络技术服务有限公司";"0.6-1.2万/月";"若干"
693;"运维工程师";"西安银信博锐信息科技有限公司";"4.5-6千/月";"若干"
694;"DevOps开发运维工程师";"西安华信智慧数字科技有限公司";"1-1.5万/月";"2"
695;"客房服务员";"陕西运维电力股份有限公司";"2-3千/月";"若干"
696;"餐厅服务员";"陕西运维电力股份有限公司";"2-3千/月";"若干"
697;"区域销售经理";"甘肃上航电力运维有限公司";"2.5-3万/月";"2"
698;"软件测试工程师";"甘肃上航电力运维有限公司";"6-8千/月";"1"
699;"软件实施工程师";"甘肃上航电力运维有限公司";"1-1.5万/月";"1"
700;"高级开发工程师";"甘肃上航电力运维有限公司";"1-1.5万/月";"1"
701;"值长";"陕西运维电力股份有限公司";"6-12万/年";"若干"
702;"电气运行专工";"陕西运维电力股份有限公司";"6-12万/年";"若干"
703;"总值长";"陕西运维电力股份有限公司";"6-15万/年";"若干"
704;"汽轮机运行专工";"陕西运维电力股份有限公司";"6-12万/年";"若干"
705;"运行部长";"陕西运维电力股份有限公司";"6-15万/年";"若干"
706;"项目总工程师";"陕西运维电力股份有限公司";"6-15万/年";"若干"
707;"工程项目经理";"陕西运维电力股份有限公司";"6-20万/年";"若干"
708;"项目副经理";"陕西运维电力股份有限公司";"6-15万/年";"若干"
709;"厨师";"陕西运维电力股份有限公司";"6-8千/月";"5"
710;"财务出纳";"陕西运维电力股份有限公司";"3-4.5千/月";"1"
711;"新媒体运营专员";"陕西运维电力股份有限公司";"4.5-6千/月";"1"
712;"电力英语翻译";"陕西运维电力股份有限公司";"6-8千/月";"10"
713;"化学技术员";"陕西运维电力股份有限公司";"4-5万/年";"若干"
714;"热控技术员";"陕西运维电力股份有限公司";"4-5万/年";"若干"
715;"汽机技术员";"陕西运维电力股份有限公司";"4-5万/年";"若干"
716;"电气技术员";"陕西运维电力股份有限公司";"4-5万/年";"若干"
717;"锅炉技术员";"陕西运维电力股份有限公司";"4-5万/年";"20"
718;"集控运行";"陕西运维电力股份有限公司";"6-10万/年";"若干"
719;"综合管理员";"陕西运维电力股份有限公司";"4-6万/年";"若干"
720;"锅炉运行专工";"陕西运维电力股份有限公司";"6-12万/年";"若干"
721;"安全主管";"陕西运维电力股份有限公司";"6-10万/年";"若干"
722;"行政前台";"陕西运维电力股份有限公司";"2-3千/月";"1"
723;"暖通设计见习助理";"陕西运维电力股份有限公司";"4.5-6千/月";"2"
724;"海外水电站管理、运行、维护";"陕西运维电力股份有限公司";"12-24万/年";"若干"
725;"呼叫中心客服";"陕西运维电力股份有限公司";"3-4.5千/月";"60"
726;"客房主管";"陕西运维电力股份有限公司";"4.5-6千/月";"2"
727;"餐厅经理";"陕西运维电力股份有限公司";"6-8千/月";"1"
728;"客服主管";"陕西运维电力股份有限公司";"3-4.5千/月";"1"
729;"英语培训师";"陕西运维电力股份有限公司";"6-8千/月";"1"
730;"销售工程师";"陕西运维电力股份有限公司";"4.5-6千/月";"5"
731;"暖通系统自控设计工程师";"陕西运维电力股份有限公司";"6-8千/月";"1"
732;"总经理助理";"陕西运维电力股份有限公司";"6-8千/月";"1"
733;"呼叫中心主管";"陕西运维电力股份有限公司";"3-4.5千/月";"1"
734;"高级咖啡师";"陕西运维电力股份有限公司";"3-4.5千/月";"1"
735;"电话客服专员";"陕西运维电力股份有限公司";"3-4.5千/月";"10"
736;"相变材料研发工程师";"陕西运维电力股份有限公司";"0.6-1.2万/月";"2"
737;"暖通设计工程师";"陕西运维电力股份有限公司";"0.5-1万/月";"2"
738;"集控巡检";"陕西运维电力股份有限公司";"8-10万/年";"若干"
739;"电除尘运行";"陕西运维电力股份有限公司";"6-8万/年";"若干"
740;"凝结水精处理运行";"陕西运维电力股份有限公司";"5-6万/年";"若干"
741;"除灰运行";"陕西运维电力股份有限公司";"6-8万/年";"若干"
742;"安全员";"陕西运维电力股份有限公司";"8-10万/年";"若干"
743;"系统工程师（通讯/IT）";"环迅通科技（北京）有限公司";"0.8-1万/月";"2"
744;"软件测试工程师";"陕西冰狐网络科技有限公司";"6-8千/月";"3"
745;"服务器工程师";"环迅通科技（北京）有限公司";"0.8-1万/月";"1"
746;"JAVA软件工程师（高级）（西安研发分中心）(职位编号：YNT-YF-002-3)";"云南航信空港网络有限公司";"12-15万/年";"若干"
747;"JAVA软件工程师（中级）（西安研发分中心）(职位编号：YNT-YF-002-2)";"云南航信空港网络有限公司";"9-12万/年";"若干"
748;"JAVA软件工程师（初级）（西安研发分中心）(职位编号：YNT-YF-002-1)";"云南航信空港网络有限公司";"4.5-9万/年";"若干"
749;"网络维护工程师";"陕西欧悦家健康管理有限责任公司";"3-4.5千/月";"1"
750;"PC服务器及云平台工程师";"中通服科信信息技术有限公司";"4-8千/月";"3"
751;"数据库工程师";"西安银石科技发展有限责任公司";"3-4.5千/月";"1"
752;"数据库工程师";"中通服科信信息技术有限公司";"0.8-1万/月";"3"
753;"系统集成工程师";"陕西亿杰鑫信息技术有限公司";"4-8千/月";"5"
754;"一二次调试";"西安西瑞控制技术股份有限公司";"4.5-6千/月";"15"
755;"计算机及网络系统维护工程师";"西安利通网络技术有限公司";"3-4.5千/月";"2"
756;"DBA 数据库工程师";"西安盈谷网络科技有限公司";"0.7-1.4万/月";"若干"
757;"实施工程师";"西安和智方企业管理咨询有限公司";"0.5-1万/月";"2"
758;"ERP/OA项目人员";"陕西建工金牛集团股份有限公司";"3-4.5千/月";"1"
759;"PDM/CAPP/CAD/项目人员";"陕西建工金牛集团股份有限公司";"3-4.5千/月";"1"
760;"大数据运营部 经理";"南京烽火星空通信发展有限公司";"1-2万/月";"1"
761;"大数据工程师";"南京烽火星空通信发展有限公司";"1.5-2.5万/月";"4"
762;"Hadoop开发工程师";"南京烽火星空通信发展有限公司";"1.5-2.5万/月";"若干"
763;"后期制作制作经理";"陕西惠宾电子科技有限公司";"4.5-6千/月";"1"
764;"项目经理（实施）";"陕西惠宾电子科技有限公司";"4.5-6千/月";"2"
765;"前端架构师";"深圳汇思诺科技有限公司";"0.6-2万/月";"若干"
766;"数据库管理员";"深圳汇思诺科技有限公司";"0.6-1.5万/月";"若干"
767;"高级系统工程师";"西安国际医学中心有限公司";"0.7-1.2万/月";"1"
768;"PostgreSQL DBA（五险一金+双休）";"深圳市坐标软件开发有限公司";"1-1.5万/月";"1"
769;"技术服务工程师（西安）";"深圳市坐标软件开发有限公司";"3-4.5千/月";"5"
770;"SAP FI业务顾问";"三星数据系统（西安）有限公司";"1-1.5万/月";"1"
771;"SUN Solaris工程师";"三星数据系统（西安）有限公司";"0.8-1.2万/月";"3"
772;"HP-UX工程师";"三星数据系统（西安）有限公司";"0.8-1万/月";"3"
773;"网络工程师";"三星数据系统（西安）有限公司";"0.6-1.3万/月";"5"
774;"CCTV工程师";"三星数据系统（西安）有限公司";"6-8千/月";"若干"
775;"安全系统工程师";"三星数据系统（西安）有限公司";"4.5-6千/月";"1"
776;"产品实施工程师";"东华软件股份公司";"0.6-1.4万/月";"若干"
777;"产品实施工程师";"东华软件股份公司";"0.6-1.4万/月";"若干"
778;"解决方案工程师";"东华软件股份公司";"0.8-1.4万/月";"若干"
779;"Java中级开发工程师";"北京同方艾威康科技有限公司";"6-8千/月";"1"
780;"景区商务经理（陕西）-玩乐事业部J12311";"去哪儿网玩乐事业部";"1-1.5万/月";"若干"
781;"ERP应用支持-SAP";"宝鸡吉利发动机零部件有限公司";"4-8千/月";"若干"
782;"软件开发及系统运营岗(职位编号：530347)";"西安吉利汽车有限公司";"6-8千/月";"2"
783;"LES&SRM应用支持";"宝鸡吉利发动机零部件有限公司";"4-8千/月";"1"
784;"业务系统运营二级工程师(职位编号：530765)";"西安吉利汽车有限公司";"1-1.5万/月";"3"
785;"系统维护岗(职位编号：531510)";"西安吉利汽车有限公司";"0.8-1万/月";"1"
786;"IT基础架构(职位编号：531631)";"西安吉利汽车有限公司";"6-8千/月";"2"
787;"软件实施工程师";"陕西迪博佰通教育科技有限公司";"4.5-6千/月";"3"
788;"技术支持主管（软件）";"西安和芯信息科技有限公司";"6-8千/月";"2"
789;"虚拟化工程师";"中通服科信信息技术有限公司";"4.5-6千/月";"2"
790;"技术支持（软件）";"西安和芯信息科技有限公司";"4-7千/月";"2"
791;"技术支持（服务）";"西安和芯信息科技有限公司";"3.5-6千/月";"6"
792;"L面包司机，网约快车司机";"陕西愣娃汽车服务有限公司";"6-8千/月";"40"
793;"工作负责人";"西安森宝电气工程有限公司";"6-8千/月";"2"
794;"陕西区域销售经理";"西安森宝电气工程有限公司";"4-8千/月";"1"
795;"A29-1 系统集成工程师";"西安达文信息技术有限公司";"4.5-6千/月";"5"
796;"A62-1技术支持、维护工程师";"西安达文信息技术有限公司";"4-6千/月";"4"
797;"自动化工程师";"西安达文信息技术有限公司";"4-6千/月";"5"
798;"通信工程师/应届生  双休";"西安达文信息技术有限公司";"4-6千/月";"4"
799;"Java/Web/UI储备工程师";"西安达文信息技术有限公司";"3.5-6千/月";"6"
800;"A63-1网络管理（helpdesk)";"西安达文信息技术有限公司";"4-6千/月";"4"
801;"云计算实施工程师";"上海安畅网络科技股份有限公司";"0.8-1万/月";"1"
802;"技术实施工程师";"西安一联盛实业有限公司";"3-6千/月";"3"
803;"售后工程师";"西安一联盛实业有限公司";"3-6千/月";"3"
804;"实验室维护管理助理";"西安雅卓电子智能科技有限公司";"6-8千/月";"若干"
805;"流程优化高级经理(J10917)";"隆基绿能科技股份有限公司";"3-4万/月";"1"
806;"IT工程师(J13537)";"好车酷酷二手车经纪（天津）有限公司";"0.8-1万/月";"1"
807;"意大利语运营储备/客服";"宁波豪雅进出口集团有限公司";"2.8-3.5千/月";"2"
808;"意大利语运营储备/客服";"宁波豪雅进出口集团有限公司";"4-6千/月";"2"
809;"应届生/管培生（德语/法语/西语/意大利语）";"宁波豪雅进出口集团有限公司";"3.5-5千/月";"若干"
810;"西班牙语运营储备/客服（双休）";"宁波豪雅进出口集团有限公司";"3.5-5千/月";"若干"
811;"外贸专员/实习生";"西安帅先网络科技有限公司";"2-4千/月";"若干"
812;"ebay/速卖通运营/管培生";"西安帅先网络科技有限公司";"2-4千/月";"3"
813;"外贸专员/电商运营";"西安帅先网络科技有限公司";"2-4千/月";"4"
814;"销售（应届毕业生）";"西安东升科技有限公司";"3-4千/月";"若干"
815;"数据库工程师/管理员/dba";"陕西冰狐网络科技有限公司";"4.5-7千/月";"3"
816;"网络工程师";"陕西冰狐网络科技有限公司";"5-8千/月";"3"
817;"软件咨询顾问";"西安点通软件信息技术有限公司";"4-6千/月";"1"
818;"软件技术支持工程师";"西安点通软件信息技术有限公司";"4-6千/月";"1"
819;"数据库工程师";"西安智贸信息科技有限公司";"6-8千/月";"2"
820;"java高级工程师";"广州亿程交通信息集团有限公司";"1-1.8万/月";"2"
821;"急聘文案编辑周末双休";"陕西处商网络科技有限公司";"4.5-6千/月";"1"
822;"高级存储工程师";"三门峡崤云信息服务股份有限公司";"0.8-1.5万/月";"1"
823;"初级机房监控工程师";"三门峡崤云信息服务股份有限公司";"3-6千/月";"2"
824;"IDC机房监控";"西安未来国际信息股份有限公司";"4-5千/月";"1"
825;"数据开发工程师";"西安亚购信息科技有限公司";"1-2万/月";"若干"
826;"IT技术支持";"西安亚购信息科技有限公司";"3-5千/月";"若干"
827;"ERP实施顾问/实施顾问/实施工程师/项目实施";"明源软件西安公司";"0.5-1万/月";"3"
828;"高级Web前端工程师";"三门峡崤云信息服务股份有限公司";"0.8-1.5万/月";"1"
829;"日志安全分析师";"三门峡崤云信息服务股份有限公司";"0.5-1万/月";"1"
830;"中级Java工程师";"三门峡崤云信息服务股份有限公司";"4-8千/月";"1"
831;"Web软件测试工程师（中级）";"三门峡崤云信息服务股份有限公司";"4-8千/月";"1"
832;"安全技术支持工程师";"三门峡崤云安全服务有限公司";"6-8千/月";"6"
833;"DBA";"三门峡崤云安全服务有限公司";"6-8千/月";"1"
834;"中级Web前端工程师";"三门峡崤云信息服务股份有限公司";"4-8千/月";"4"
835;"初级Java工程师";"三门峡崤云信息服务股份有限公司";"3-6千/月";"4"
836;"高级Java工程师";"三门峡崤云信息服务股份有限公司";"0.8-1.5万/月";"若干"
837;"Web软件测试工程师（高级）";"三门峡崤云信息服务股份有限公司";"0.8-1.5万/月";"1"
838;"手机软件测试工程师";"三门峡崤云信息服务股份有限公司";"0.8-1.5万/月";"2"
839;"手机软件测试工程师";"三门峡崤云信息服务股份有限公司";"0.8-1.5万/月";"1"
840;"日志安全分析师";"三门峡崤云安全服务有限公司";"0.5-1万/月";"1"
841;"高级渗透测试工程师";"三门峡崤云安全服务有限公司";"0.6-1万/月";"2"
842;"云平台安全服务工程师";"三门峡崤云安全服务有限公司";"0.5-1万/月";"1"
843;"售后技术支持";"北京万户网络技术有限公司";"4-6千/月";"1"
844;"服务器与虚拟化管理工程师(J10085)";"西安诺瓦电子科技有限公司";"0.8-1万/月";"1"
845;"系统集成工程师";"北京明朝万达科技股份有限公司";"4-6千/月";"2"
846;"Java初级开发工程师";"北京明朝万达科技股份有限公司";"4-6千/月";"若干"
847;"Java开发工程师";"北京明朝万达科技股份有限公司";"0.7-1.4万/月";"3"
848;"实施工程师";"北京明朝万达科技股份有限公司";"4.5-6千/月";"若干"
849;"云后端开发工程师";"西安奥卡云数据科技有限公司";"1.5-2万/月";"5"
850;"云计算产品经理";"西安奥卡云数据科技有限公司";"2-2.5万/月";"5"
851;"云计算产品经理";"西安奥卡云数据科技有限公司";"1.5-2万/月";"5"
852;"存储产品经理";"西安奥卡云数据科技有限公司";"2-2.5万/月";"5"
853;"值班电工（西安华为基地）";"爱玛客服务产业（中国）有限公司郑州分公司";"3-4.5千/月";"4"
854;"Web开发工程师";"西安远古信息科技股份有限公司";"0.8-1.5万/月";"1"
855;"信息化业务主管";"陕西恒通果汁集团股份有限公司";"4.5-6千/月";"若干"
856;"信息化高级业务主管";"陕西恒通果汁集团股份有限公司";"5.1-6.4千/月";"若干"
857;"服务器工程师";"华天慧创科技（西安）有限公司";"5-8千/月";"1"
858;"店铺运营";"陕西省君凯电子科技有限公司";"4-8千/月";"2"
859;"信息维护专管员";"陕西郑远元专业修脚保健服务集团有限公司";"4.5-6千/月";"1"
860;"网络工程师";"安徽阳光信通电子科技有限公司西安分公司";"3.5-6.5千/月";"1"
861;"数据库工程师/管理员";"西安卓睿信息技术有限公司";"4.5-6千/月";"6"
862;"网络和信息安全工程师/助理/实习生  双休";"西安卓睿信息技术有限公司";"6-8千/月";"6"
863;"系统集成工程师";"西安卓睿信息技术有限公司";"4.5-6千/月";"6"
864;"数据库工程师/管理员实习";"西安卓睿信息技术有限公司";"4.5-6千/月";"6"
865;"游戏设计/助理/实习生  双休+五险一金";"西安卓睿信息技术有限公司";"6-8千/月";"7"
866;"品牌专员（文案策划）双休+4k-6k";"西安卓睿信息技术有限公司";"4.5-6千/月";"6"
867;"A62-1技术支持、维护工程师";"西安卓睿信息技术有限公司";"4.5-6千/月";"5"
868;"A61-1技术支持、维护经理";"西安卓睿信息技术有限公司";"4.5-6千/月";"5"
869;"A213-1 数据库工程师/管理员";"西安卓睿信息技术有限公司";"4.5-6千/月";"5"
870;"A29-1 系统集成工程师";"西安卓睿信息技术有限公司";"4.5-6千/月";"5"
871;"系统集成工程师实习生";"西安卓睿信息技术有限公司";"4.5-6千/月";"6"
872;"CATIA二次开发工程师";"北京德天博诚科技有限公司";"0.8-1.5万/月";"2"
873;"前端H5研发工程师-WIFI";"西安恪诚电子科技有限公司";"1-1.5万/月";"5"
874;"高层协议软件开发工程师";"大唐移动通信设备有限公司西安分公司";"0.8-1.3万/月";"5"
875;"Java开发工程师";"西安亿阳信通软件科技发展有限公司";"6-9千/月";"若干"
876;"网络管理员";"西安缤纷鸟少儿美术培训中心";"3-5千/月";"1"
877;"后端开发工程师";"上海汉得信息技术股份有限公司";"0.8-1.5万/月";"若干"
878;"前端开发工程师";"上海汉得信息技术股份有限公司";"0.8-1.5万/月";"若干"
879;"人事绩效主管（OD）";"陕西链家高策地产";"1.5-2万/月";"1"
880;"主数据实施顾问";"上海汉得信息技术股份有限公司";"1-1.8万/月";"若干"
881;"高级Java工程师-西安";"北京小鱼易连科技有限公司";"1-2万/月";"1"
882;"市场策划经理";"西安因联信息科技有限公司";"0.8-1.5万/月";"1"
883;"系统工程师";"西安因联信息科技有限公司";"5-8千/月";"1"
884;"交付工程师";"西安因联信息科技有限公司";"5-8千/月";"1"
885;"交付工程师";"西安因联信息科技有限公司";"5-8千/月";"2"
886;"软件实施工程师";"上海天玑科技股份有限公司";"4.5-6千/月";"2"
887;"ERP服务技术顾问";"金蝶软件西安分公司";"3-6千/月";"3"
888;"WCS工程师x";"上海隆耀网络科技有限公司";"6-8千/月";"3"
889;"IT技术支持/维护工程师x";"上海隆耀网络科技有限公司";"6-8千/月";"3"
890;"店长";"上海鑫屋网络科技有限公司";"4.5-6千/月";"1"
891;"技术支持工程师（19届校招）";"西安新路网络科技有限公司";"5-8千/月";"2"
892;"技术支持工程师";"西安新路网络科技有限公司";"5-8千/月";"1"
893;"服务项目经理";"西安新路网络科技有限公司";"1-1.5万/月";"1"
894;"AIX系统工程师";"上海蒙帕信息技术有限公司";"6-7千/月";"1"
895;"自动贩卖机理货员";"上海鑫屋网络科技有限公司";"4.5-5千/月";"2"
896;"（某500强知名企业）云业务经理";"西安瀚特人力资源有限公司";"1.5-2万/月";"若干"
897;"（某500强知名企业）Docker高级开发工程师";"西安瀚特人力资源有限公司";"1-1.5万/月";"若干"
898;"PHP开发工程师";"小马股份有限公司西安分公司";"4-8千/月";"2"
899;"高级JAVA工程师";"北京时代一峰信息技术有限公司";"0.8-1.2万/月";"5"
900;"开发经理";"北京时代一峰信息技术有限公司";"0.8-1.2万/月";"1"
901;"系统维护工程师(职位编号：2)";"云歌信息技术（江苏）有限公司";"5-8千/月";"1"
902;"高级交付工程师";"北京源晨动力技术服务有限公司";"0.8-1.5万/月";"若干"
903;"项目经理";"北京源晨动力技术服务有限公司";"1-1.5万/月";"若干"
904;"财务分析经理（并购 尽调 经验）";"陕西巨光投资控股集团有限公司";"0.8-1万/月";"1"
905;"网络运营主管";"西安丽源物业管理有限公司";"4.5-6千/月";"1"
906;"计算机网络维护工程师";"西安恒谦教育科技股份有限公司";"6-8千/月";"1"
907;"网站运营专员";"陕西山海源人力资源发展有限公司";"4-6千/月";"2"
908;"网站项目负责人（双休）";"陕西山海源人力资源发展有限公司";"0.7-1万/月";"若干"
909;"系统集成工程师（高级）-西安";"杭州三汇数字信息技术有限公司";"0.6-1.2万/月";"2"
910;"系统集成工程师（中级）-西安";"杭州三汇数字信息技术有限公司";"5-8千/月";"3"
911;"系统集成工程师（初级）-西安";"杭州三汇数字信息技术有限公司";"4-6千/月";"1"
912;"国内客服副主任工程师";"隆基乐叶光伏科技有限公司";"1-1.5万/月";"若干"
913;"JAVA开发工程师";"陕西北斗金控信息服务有限公司";"6-8千/月";"3"
914;"运营总监";"陕西淘丁实业集团有限公司";"5-7千/月";"1"
915;"运营总监";"陕西淘丁实业集团有限公司";"5-7千/月";"1"
916;"技术部经理4000-8000/月";"西安善翔电子科技有限责任公司";"4-8千/月";"2"
917;"技术支持/维护工程师";"西安臻道信息科技有限公司";"3-3.5千/月";"10"
918;"智慧城市总经理";"西安未来国际信息股份有限公司";"3-4万/月";"1"
919;"技术支持（存储与备份方向）";"西安未来国际信息股份有限公司";"6-8千/月";"1"
920;"系统维护员";"陕西智冠控股集团有限责任公司";"0.8-1万/月";"2"
921;"系统管理员（集团）";"陕西智冠控股集团有限责任公司";"4.5-6千/月";"若干"
922;"系统集成售中工程师";"西安智联网络科技有限公司";"3-4.5千/月";"若干"
923;"数据库实施开发工程师";"西安华信智慧数字科技有限公司";"0.9-1.8万/月";"6"
924;"交付工程师";"西安因联信息科技有限公司";"5-8千/月";"1"
925;"电控设计";"陕西通家汽车股份有限公司";"0.6-1万/月";"2"
926;"IT主管";"安徽阳光信通电子科技有限公司西安分公司";"5-8千/月";"1"
927;"网络工程师";"安徽阳光信通电子科技有限公司西安分公司";"5-8千/月";"1"
928;"自动贩卖机理货员";"上海鑫屋网络科技有限公司";"4.5-5千/月";"3"
929;"IT专员";"西安运通博宝汽车销售服务有限公司";"3-4.5千/月";"1"
930;"大数据开发工程师";"西安九索数据技术股份有限公司";"0.6-1.2万/月";"4"
931;"软件维护工程师";"西安合众思壮电信通讯有限责任公司";"3-4.5千/月";"1"
932;"区域销售总监";"珠海网博信息科技股份有限公司";"10-15万/年";"2"
933;"项目负责人";"西安森宝电气工程有限公司";"6-8千/月";"2"
934;"急聘-配网自动化系统工程师";"西安森宝电气工程有限公司";"0.8-1万/月";"1"
935;"底薪4.5K+管家+包住+综合8K";"深圳思倍思文化有限公司";"0.8-1万/月";"15"
936;"无责底薪4500+公寓管家+住宿+综合8K";"乐美思贸易（深圳）有限公司";"0.8-1万/月";"20"
937;"售后技术支持工程师";"西安栎安科技有限公司";"4-8千/月";"2"
938;"电力系统工程师";"西安兴汇电力科技有限公司";"0.6-1.2万/月";"若干"
939;"系统集成测试工程师";"西安兴汇电力科技有限公司";"0.6-1.5万/月";"若干"
940;"系统应用工程师";"西安兴汇电力科技有限公司";"0.6-1万/月";"若干"
941;"项目维护工程师";"北京亚控科技发展有限公司";"4-6千/月";"3"
942;"包住4.5K+管家+月均10000+晋升空间大";"深圳思倍思文化有限公司";"0.8-1万/月";"15"
943;"网站程序开发工程师";"西安大明宫实业集团";"0.8-1万/月";"1"
944;"大数据架构高级顾问";"每一天便利超市连锁有限公司信息中心研发部";"0.6-1万/月";"1"
945;"实施工程师（西安）";"北京中电普华信息技术有限公司";"0.8-1万/月";"20"
946;"安全工程师（西安）";"北京中电普华信息技术有限公司";"1-1.5万/月";"20"
947;"城市商务经理（西安）";"上海迪岸广告有限公司";"4.5-6千/月";"1"
948;"启迪云-政府行业解决方案架构师(000919)(职位编号：nationsky000919)";"启迪国信科技有限公司";"1.5-2万/月";"1"
949;"IT办公设备维护工程师";"陕西硅格科技有限公司";"2.5-3.5千/月";"若干"
950;"网络工程师";"瑞幸咖啡（中国）有限公司";"5-7千/月";"1"
951;"高级车辆运营";"哈罗出行（哈罗单车hellobike）";"0.8-1万/月";"5"
952;"车辆运营-西安";"哈罗出行（哈罗单车hellobike）";"6-8千/月";"5"
953;"高级车辆运营";"哈罗出行（哈罗单车hellobike）";"0.8-1万/月";"5"
954;"安全副主任工程师（西安/清洁能源）";"隆基绿能科技股份有限公司";"6-8千/月";"若干"
955;"信息化系统研发副主任工程师（西安/清洁能源）";"隆基绿能科技股份有限公司";"0.8-1万/月";"若干"
956;"运行工程师（西安/清洁能源）";"隆基绿能科技股份有限公司";"4.5-6千/月";"若干"
957;"底薪4.5K+管家+包住+综合8K";"深圳思倍思文化有限公司";"0.8-1万/月";"15"
958;"网络管理员";"西安源森生物科技有限公司";"3-4万/年";"1"
959;"云方向业务部门_大数据技术主管";"北京思特奇信息技术股份有限公司陕西分公司";"1-2万/月";"1"
960;"中级工程师";"北京华软金科信息技术有限公司";"0.8-1万/月";"3"
961;"高级工程师";"北京华软金科信息技术有限公司";"1-1.5万/月";"3"
962;"技术咨询顾问-Technical Advisor";"Thoughtworks";"1.8-3万/月";"若干"
963;"互联网+新媒体运营专员（高薪诚聘）";"西安微媒软件有限公司";"5-8千/月";"3"
964;"城市新媒体运营专员（五险+双休）";"西安微媒软件有限公司";"5-8千/月";"3"
965;"新媒体运营专员（双休+五险一金）";"西安微媒软件有限公司";"5-8千/月";"3"
966;"新媒体运营专员";"西安微媒软件有限公司";"5-8千/月";"3"
967;"项目经理-监控方案(职位编号：A004-5)";"赞同科技股份有限公司";"1.3-2万/月";"7"
968;"日本工作签―免税店店员，年收18万左右";"大连新翔教育咨询有限公司";"1-1.5万/月";"20"
969;"日本工签――温泉酒店前台接待年收15万左右）";"大连新翔教育咨询有限公司";"1-1.5万/月";"20"
970;"数据库工程师";"中国电信集团系统集成有限责任公司西安区域中心";"6-8千/月";"2"
971;"高级网络工程师";"中国电信集团系统集成有限责任公司西安区域中心";"0.7-1万/月";"3"
972;"信息安全服务工程师";"中国电信集团系统集成有限责任公司西安区域中心";"4-8千/月";"5"
973;"IT管理";"陕西汉德车桥有限公司";"4.5-6千/月";"3"
974;"弱电工程师";"陕西国博政通信息科技有限公司";"4-6千/月";"2"
975;"00035-实施工程师(政企事业中心)";"上海趣医网络技术服务有限公司";"6-8千/月";"3"
976;"底薪4.5K+公寓管家+包住";"深圳前海华字号国际供应链有限公司";"0.8-1.2万/月";"8"
977;"网络通讯工程师（西安）(J10174)";"北京奕斯伟科技有限公司";"1-2万/月";"1"
978;"技术客服";"陕西鑫众为软件有限公司";"3.5-8千/月";"若干"
979;"技术经理";"神州数码系统集成服务有限公司西安分公司";"1-1.5万/月";"1"
980;"大数据应用高级工程师";"神州数码系统集成服务有限公司西安分公司";"1-1.5万/月";"1"
981;"数据库管理员（双休+五险一金）";"华羿微电子股份有限公司";"4-8千/月";"1"
982;"系统服务器管理员（双休+五险一金）";"华羿微电子股份有限公司";"4.5-6千/月";"1"
983;"软件开发主管";"华羿微电子股份有限公司";"0.8-1万/月";"1"
984;"网络工程师";"华羿微电子股份有限公司";"4.5-6千/月";"2"
985;"数据库管理员";"上海京颐科技股份有限公司";"0.8-1.5万/月";"若干"
986;"供应链分析经理";"每一天便利超市连锁有限公司信息中心研发部";"1-1.5万/月";"1"
987;"数据标准化工程师";"每一天便利超市连锁有限公司信息中心研发部";"3-6千/月";"1"
988;"网络硬件工程师";"每一天便利超市连锁有限公司信息中心研发部";"4.5-6千/月";"2"
989;"文案策划";"米兰集团";"3.5-5千/月";"3"
990;"行政助理&人事助理&行政专员&人事专员";"米兰集团";"2.6-4千/月";"5"
991;"迁移专家";"北京华软金科信息技术有限公司";"1.5-2万/月";"1"
992;"高级工程师（银行核心系统）";"北京华软金科信息技术有限公司";"1-1.5万/月";"1"
993;"中级工程师";"北京华软金科信息技术有限公司";"0.7-1万/月";"3"
994;"高级工程师";"北京华软金科信息技术有限公司";"1-1.5万/月";"3"
995;"技术专家";"北京华软金科信息技术有限公司";"2-3万/月";"1"
996;"冠寓实习生";"龙湖集团地产";"80元/天";"10"
997;"冠寓店长";"龙湖集团地产";"0.7-1.5万/月";"若干"
998;"数据库（DBA）开发工程师";"北京北信源软件股份有限公司";"1.3-1.8万/月";"1"
999;"JS前端开发工程师";"旅拍通科技有限公司";"0.8-1万/月";"1"
1000;"互联网产品经理";"西安力氪智能科技有限公司";"4.5-6千/月";"5"
1001;"网络维护";"西安医药股份有限公司";"2-3千/月";"2"
1002;"网络维护工程师";"华天科技（西安）有限公司";"4-6千/月";"3"
1003;"软件开发软件测试工程师";"沈阳亚诗达科技有限公司";"0.6-1万/月";"若干"
1004;"数据库工程师";"沈阳亚诗达科技有限公司";"0.8-1万/月";"若干"
1005;"网络工程师网络管理员";"沈阳亚诗达科技有限公司";"6-8千/月";"若干"
1006;"Java中/高级研发（项目经理培养方向）";"北京天融信科技有限公司";"0.7-1.5万/月";"5"
1007;"新媒体运营专员（五险一金）";"西安微媒软件有限公司";"5-8千/月";"3"
1008;"互联网运营专员（双休+五险）";"西安微媒软件有限公司";"5-8千/月";"3"
1009;"新媒体运营专员（双休）";"西安微媒软件有限公司";"5-8千/月";"3"
1010;"外资高级服务工程师";"聚思鸿信息技术服务Concentrix";"0.8-2.5万/月";"20"
1011;"外资服务工程师";"聚思鸿信息技术服务Concentrix";"0.8-1.5万/月";"20"
1012;"IT网络工程师";"聚思鸿信息技术服务Concentrix";"6-8千/月";"1"
1013;"IT网络工程师";"聚思鸿信息技术服务Concentrix";"6-8千/月";"1"
1014;"销售经理";"西安交大捷普网络科技有限公司";"0.8-1万/月";"若干"
1015;"销售部经理";"西安名世信息科技有限公司";"0.6-1万/月";"1"
1016;"云计算产品经理";"上海云首信息科技有限公司";"1.5-2万/月";"若干"
1017;"客服专员";"西安华众电子科技股份有限公司";"4-6千/月";"5"
1018;"售后服务专员";"西安华众电子科技股份有限公司";"4-6千/月";"5"
1019;"机房维护工程师";"西安海润通信技术有限公司";"2-3.5千/月";"2"
1020;"电力专家（西安/总部）";"隆基乐叶光伏科技有限公司";"4-6万/月";"1"
1021;"企划专员";"新百丽鞋业（深圳）有限公司西安分公司";"5-8千/月";"若干"
1022;"售前工程师";"陕西兆通利合数码有限公司";"4.5-6千/月";"2"
1023;"DBA(001894)(职位编号：netposa001894)";"东方网力科技股份有限公司";"1-1.5万/月";"若干"
1024;"数据库实施开发工程师";"大连华信计算机技术股份有限公司";"0.9-1.8万/月";"6"
1025;"大数据开发工程师";"北京华洋宏软件开发有限责任公司";"1-2万/月";"3"
1026;"中级算法工程师";"北京华洋宏软件开发有限责任公司";"1-2万/月";"2"
1027;"算法工程师";"北京华洋宏软件开发有限责任公司";"1-2万/月";"1"
1028;"无责底薪4500+公寓管家+住宿+综合8K";"乐美思贸易（深圳）有限公司";"0.8-1万/月";"20"
1029;"无责底薪4500+公寓管家+住宿+综合8K";"乐美思贸易（深圳）有限公司";"0.8-1万/月";"20"
1030;"无责底薪4500+公寓管家+住宿";"乐美思贸易（深圳）有限公司";"0.8-1万/月";"20"
1031;"底薪4.5K+管家+包住+综合8K";"深圳思倍思文化有限公司";"0.8-1万/月";"15"
1032;"无责底薪4500+门店运营+住宿";"乐美思贸易（深圳）有限公司";"0.8-1万/月";"20"
1033;"底薪4.5K+门店运营+包住";"深圳思倍思文化有限公司";"0.8-1万/月";"15"
1034;"包住门店运营+底薪4.5K";"乐美思贸易（深圳）有限公司";"0.8-1万/月";"20"
1035;"无责底薪4500+公寓管家+住宿+综合8K";"乐美思贸易（深圳）有限公司";"0.8-1万/月";"20"
1036;"底薪4.5K+管家+包住+综合8K";"深圳思倍思文化有限公司";"0.8-1万/月";"15"
1037;"底薪4.5K+管家+包住+综合8K";"深圳思倍思文化有限公司";"0.8-1万/月";"15"
1038;"无责底薪4500+公寓管家+住宿+综合8K";"乐美思贸易（深圳）有限公司";"0.8-1万/月";"20"
1039;"技术工程师";"陕西兆通利合数码有限公司";"3-4.5千/月";"2"
1040;"底薪4.5K+管家+包住+综合8K";"深圳思倍思文化有限公司";"0.8-1万/月";"15"
1041;"底薪4.5K+公寓管家+包住";"深圳前海华字号国际供应链有限公司";"0.8-1.2万/月";"8"
1042;"技术总监";"西安格蒂电力有限公司";"2-2.5万/月";"1"
1043;"信息安全技术工程师";"北京优炫软件股份有限公司";"0.8-1万/月";"1"
1044;"算法维护工程师(算法类)(职位编号：uniview000900)";"浙江宇视科技有限公司";"6-8千/月";"5"
1045;"项目工程师（西宁驻场）";"阳光雨露信息技术服务（北京）有限公司";"3-3.5千/月";"3"
1046;"初级/中级/高级/软件/硬件/网络/工程师";"西安云间信息科技有限公司";"0.8-1万/月";"3"
1047;"系统集成工程师";"西安启望计算机系统工程有限责任公司";"4.5-6千/月";"1"
1048;"技术副总";"西安启望计算机系统工程有限责任公司";"0.8-1万/月";"1"
1049;"云管理系统软件开发工程师";"华为技术有限公司";"1.3-2万/月";"25"
1050;"蓝狮计划（2019校园招聘）";"上海趣医网络技术服务有限公司";"0.8-1.5万/月";"50"
1051;"数据库工程师";"西安格蒂电力有限公司";"1-1.5万/月";"1"
1052;"NC实施顾问";"西安格蒂电力有限公司";"0.8-1万/月";"8"
1053;"事业部副总经理";"西安格蒂电力有限公司";"1-1.5万/月";"1"
1054;"JS工程师";"东方网力科技股份有限公司";"1-2万/月";"10"
1055;".NET开发工程师（新疆）";"西安斯普德科技有限公司";"4.5-6千/月";"若干"
1056;"IDC事业部总经理";"晋商网络服务有限公司西安分公司";"6-8千/月";"1"
1057;"市场经理";"银河电气有限公司";"4-8千/月";"3"
1058;"销售经理-西安";"北京神州新桥科技有限公司";"15-20万/年";"1"
1059;"数据工程师（LT13whx）";"北京东方国信科技股份有限公司";"6-8千/月";"2"
1060;"JAVA开发工程师（LT13whx）";"北京东方国信科技股份有限公司";"0.6-1.2万/月";"2"
1061;"java技术经理";"陕西纳吉特数据科技有限公司";"1-1.5万/月";"若干"
1062;"数据库工程师";"陕西纳吉特数据科技有限公司";"0.8-1万/月";"若干"
1063;"维护工程师";"西安华众电子科技股份有限公司";"5-8千/月";"10"
1064;"Java云存储开发";"北京优炫软件股份有限公司";"0.8-1万/月";"3"
1065;"运维工程师-实习生";"中国软件与技术服务股份有限公司";"1.5-3千/月";"3"
1066;"渭南市客服经理";"陕西超信信息科技有限公司";"2-3千/月";"1"
1067;"客服经理";"陕西超信信息科技有限公司";"2.5-3千/月";"2"
1068;"客服经理";"陕西超信信息科技有限公司";"2.5-3千/月";"2"
1069;"ERP实施顾问(实习生)";"用友网络科技股份有限公司陕西分公司";"1.5-2千/月";"若干"
1070;"数据库管理员(DBA)";"深圳优克云联科技有限公司";"1.5-2千/月";"若干"
