jobs,firms,salary,nums0
GO开发工程师,上海芯翌智能科技有限公司,1.5-2万/月,若干
Go服务器开发工程师,云南大可科技有限公司,1-1.5万/月,1
GO高级开发,上海小讯鸽网络科技有限公司,1.6-2万/月,3
GO开发工程师,成都迈思信息技术有限公司,1-1.5万/月,3
GO语言开发工程师(SaaS云端开发),上海合阔信息技术有限公司,1.2-2.4万/月,5
GO语言开发工程师 (职位编号：2),成都傲游互娱科技有限公司,1.5-2万/月,2
go语言高级工程师,深圳市九链科技有限公司,1-2.5万/月,1
GO开发工程师,上海蜂果网络科技有限公司,1-2万/月,1
go开发,博彦科技承德有限公司,1-1.5万/月,1
Go/Golang,深圳对对科技有限公司,1.5-3万/月,1
GO开发工程师,上海志帆教育科技有限公司,1-1.5万/月,1
GO语言开发工程师,武汉飞猫环球商贸有限公司,1-2万/月,1
GO开发工程师,海南高灯科技有限公司,1.5-2.5万/月,1
高级go语言开发工程师,上海中路（集团）有限公司,2-3万/月,1
房产销售精英go,芒果不动产齐成店,6-8千/月,10
云平台开发（go语言） (职位编号：400506420416822),文思海辉技术有限公司Pactera Technology International Limited,1-1.5万/月,2
Go/Golang开发工程师,广州市讯码通讯科技有限公司,0.9-1.5万/月,1
WEB服务端开发工程师-PHP/GO,奇虎360科技有限公司,2-4万/月,若干
GO语言工程师,武汉赛思云科技有限公司,1-2万/月,1
GO语言工程师 golang 开发工程师,武汉黑凡网络技术有限公司,10-12万/年,2
"Let,s go （从链家出发） 销售代表 \ 五险一金c",成都链家房地产经纪有限公司,4-8千/月,15
Go语言开发工程师,上海新致晟欧软件技术有限公司,1-1.5万/月,1
高级C++/go开发,西安晶源科创新能源有限公司,2.3-3.5万/月,5
服务端go语言高级开发工程师(J190320007) (职位编号：J190320007),滴滴,2-2.5万/月,2
GO开发工程师,重庆用维通信技术有限公司,1-1.5万/月,1
Go/Python,北京阿提拉科技有限公司,0.8-1万/月,5
Go/PHP语言服务端开发工程师（我的世界） (职位编号：J192074),网易集团,2.5-3万/月,1
GO开发工程师,亚信软件研发中心PRD,1-2万/月,1
GO语言运维开发工程师,众安在线财产保险股份有限公司,2.3-3.5万/月,2
云原生(Go、Python、Java)工程师,中电工业互联网有限公司,1-1.5万/月,8
GO/Java开发工程师,江苏耐思捷智慧信息服务有限公司,1-1.5万/月,1
Lets go赚钱晋升两不误 链家房产销售J,四川链家房地产经纪有限公司,6-8千/月,8
"Let,s go （从链家出发） 销售代表 \ 市场营销+ y",四川成都贝壳闹海房地产经纪有限公司,5-8千/月,18
GO开发工程师,宁波云畅软件科技有限公司,1.5-2万/月,1
Go语言高级开发工程师,重庆金窝窝网络科技有限公司,1.5-2.5万/月,3
GO后端工程师（福清市）,福建省创游网络科技有限公司,1.5-3万/月,3
GO开发工程师（T3出行）,T3出行,1.5-3万/月,2
GO开发工程师,上海数据交易中心有限公司,3-4.5万/月,1
go语言开发工程师,珠海文景科技有限公司,1-1.5万/月,2
Go语言工程师,国客区块链科技（杭州）有限公司,1.5-3万/月,1
Go 程序员,铁将军汽车电子股份有限公司,1-1.5万/月,3
C++/Go后台开发工程师,北京友信科技有限公司,1-2万/月,1
盒马-Pick & Go连锁店员工 (MJ001418),上海盒马网络科技有限公司,3-6千/月,5
GO,昆明博塑运动健身有限公司,4.5-6千/月,2
GO开发工程师,福建元瑞信息科技有限公司,4-8千/月,3
Go语言开发工程师,江苏在学信息科技有限公司,1-2万/月,若干
Go开发工程师,杭州开宝网络有限公司,1-1.5万/月,1
GO开发工程师,武汉奇点启智物联网科技有限公司,0.8-2万/月,1
百强企业+七星麦田+在麦田GO薪旺+高薪聘请置业顾问 (职位编号：4),福建麦田房产经纪有限公司,0.8-1万/月,6
go开发工程师-福州,中电福富信息科技有限公司,0.8-1.5万/月,3
go语言开发工程师（NLP 方向）,深圳达闼科技控股有限公司,1.5-2万/月,4
GO语言研发工程师,高升控股股份有限公司,1.5-2.5万/月,2
go语言开发工程师,广州特道信息科技有限公司,0.8-1万/月,2
后端开发工程师（go语言）,北京睿科伦智能科技有限公司,2-2.5万/月,1
PHP/GO开发工程师,武大吉奥信息技术有限公司,1-1.5万/月,1
GO开发工程师,上海炽聚网络科技有限公司,2-2.5万/月,1
Go语言高级开发工程师,深圳市星际大陆科技有限公司,1.5-3万/月,2
资深后端开发工程师（C++/GO）,深圳市中联创新自控系统有限公司,4-6万/月,1
GO开发工程师,海南海商椰网传媒科技有限公司杭州分公司,1.5-2.5万/月,2
GO 语言开发工程师（接受优秀实习生）,广州好智信息技术有限公司,0.6-1万/月,若干
Go语言开发工程师,上海思伟软件有限公司,1-1.8万/月,1
Go软件工程师,北京智信远景软件技术有限公司,6-8千/月,5
GO开发工程师,广州远大信息发展有限公司,0.5-1万/月,2
游戏服务器开发工程师（C++/GO）,上海巨人网络科技有限公司,2.5-3万/月,若干
GO开发工程师,福建买买买信息科技有限公司,0.8-1.5万/月,若干
GO麦田我们在一起,福建麦田房产经纪有限公司22部,5-8千/月,3
GO开发工程师（外派）,纳才（深圳）信息科技有限公司,1.5-2万/月,1
GO开发工程师,长沙世速网络科技有限公司,0.6-1.5万/月,2
后端开发工程师（Go语言）,上海时庐智能科技有限公司,1-1.5万/月,1
GO开发工程师（电商平台）,思睿认证（上海）有限公司,0.7-1.2万/月,2
高级go开发工程师,北京天行汇通信息技术有限公司,1.5-3万/月,若干
G.GO开发工程师,深圳华远云联数据科技有限公司,15-20万/年,2
go高级开发工程师,北京捷通华声科技股份有限公司,1.5-2.5万/月,3
GO开发工程师,杭州网银互联科技股份有限公司,0.7-1.5万/月,5
Go后台开发工程师,广州品快信息科技有限公司,1-1.5万/月,若干
Go语言研发工程师,湖南天河国云科技有限公司,1-1.6万/月,2
go职位/实习生/应往届毕业生,浙江杰游网络科技有限公司,4-8千/月,若干
go语言开发工程师,四川盛趣时代网络科技有限公司,1-2万/月,若干
服务端Go开发工程师,杭州朋越网络科技有限公司,1-1.5万/月,3
Go语言开发工程师,上海六界信息技术有限公司,1-2万/月,1
Go,信必优(深圳)信息技术有限公司,1.3-1.7万/月,2
Go语言(Golang)开发工程师,郑州珑凌科技有限公司,0.6-1.5万/月,2
喜茶GO项目工程监理,喜茶,6-8千/月,3
GO开发工程师,深圳市华宇讯科技有限公司,1-1.8万/月,1
GO开发工程师,深圳市云领天下科技有限公司,1.5-2.5万/月,1
go语言开发工程师,杭州恒领科技有限公司,1.5-2万/月,1
go开发工程师,深圳朗安信息科技有限公司,1.5-2.2万/月,2
GO开发工程师,数子引擎（深圳）网络技术有限公司,1.5-2.5万/月,2
GO开发工程师,广州优路加信息科技有限公司,5-8千/月,2
Go/Golang 开发工程师,瓦戈科技（上海）有限公司,1-2万/月,若干
GO语言程序开发,武汉五九盾网络科技有限公司,1.5-2万/月,1
GO开发工程师,深圳市金銮网络科技有限公司,1.2-2万/月,1
GO开发工程师,北京新网数码信息技术有限公司,2-2.5万/月,3
Go语言开发工程师,财联社,1.5-2.5万/月,1
后端Go开发工程师,江苏开拓信息与系统有限公司,1-1.5万/月,2
GO开发工程师,深圳市金蝶天燕云计算股份有限公司,1-1.5万/月,若干
在麦田做销售GO薪旺/金人大奖等你来拿,福州麦田房产代理有限公司,4.5-6千/月,6
go高级开发工程师,上海俊芮网络科技股份有限公司,2-3万/月,若干
GO开发工程师,成都品宏源创科技有限公司,1.5-2万/月,2
go开发工程师 (职位编号：000720),杭州迪普科技股份有限公司,0.9-1.5万/月,若干
Go开发工程师（大运）,深圳怡丰自动化科技有限公司,1-2万/月,3
4721GO-高级咨询顾问（智慧城市大数据） (职位编号：4721GO),平安国际智慧城市科技股份有限公司,40-50万/年,2
go语言工程师,中标软件有限公司,0.8-1.6万/月,若干
GO高级开发工程师(应用）,广州博纳信息技术有限公司,0.8-1.2万/月,2
GO服务器主程,福州络戴洪文化传播有限公司,1.8-3万/月,1
Go语言开发工程师,上海大智慧股份有限公司,1.5-2万/月,1
C++/go后台工程师 (MJ001694),欢聚时代（多玩YY）,1.5-2.5万/月,3
Go（后端）工程师,苏州德姆斯信息技术有限公司,1.2-2万/月,若干
Go麦田我们在一起/房产销售代表,福州麦田房产代理有限公司,6-8千/月,6
GO语言开发工程师（郑州）,郑州信大捷安信息技术股份有限公司,1-1.5万/月,2
C++/Go游戏服务器开发工程师,成都阿哇龙科技有限公司,1.5-2.5万/月,1
GO开发工程师,上海金电网安科技有限公司,0.8-1万/月,3
高级Go开发工程师（架构师）,上海德拓信息技术股份有限公司,1-2万/月,2
Go服务器开发工程师,成都风际网络科技股份有限公司,1.5-2.5万/月,若干
资深软件开发工程师C++/Java/Go,趋势科技（中国）有限公司,1.5-2.5万/月,1
GO开发工程师,北明软件有限公司,1-1.5万/月,3
go语言高级开发工程师,江苏攸同文化发展有限公司,20-30万/年,1
C++ Go,云从科技,1.2-2.5万/月,20
高薪：急聘GO语言开发工程师,深圳市杏江科技有限公司,3-4万/月,2
GO开发工程师,思力科（深圳）电子科技有限公司,1.5-2.5万/月,1
GO开发工程师,华信富融(苏州工业园区)软件有限公司,0.8-1.6万/月,2
Go语言开发工程师 (职位编号：zhixun000626),上海帜讯信息技术股份有限公司,1.2-2.5万/月,2
后端开发工程师(GO语言),北京航天泰坦科技股份有限公司,0.7-1万/月,2
GO开发工程师,深圳市银之杰科技股份有限公司南京分公司,1-1.5万/月,1
GO开发工程师,深圳市慧创恒通科技有限公司,1.2-1.8万/月,若干
Go/Golang 工程师,江南信安（北京）科技有限公司,1.5-2.5万/月,2
Go语言开发工程师/实习生,上海蓝载信息科技有限公司,2-2.5万/月,若干
在麦田Go薪旺,福州麦田房产代理有限公司,4-8千/月,5
GO开发工程师（5G核心网）,广州凯媒通讯技术有限公司,1.5-3万/月,5
后端开发工程师（go/golang）,象无形（上海）信息科技有限公司,0.8-1.5万/月,2
GO开发工程师,深圳市文德数慧科技开发有限责任公司,1.5-2万/月,3
GO开发工程师,北京学神科技有限公司,2-4万/月,5
GO开发工程师,深圳市云之梦科技有限公司,1.5-2.5万/月,1
C++/Go后台开发工程师（腾讯科技编制）,腾讯RDM,1.5-3万/月,若干
BK22GO-特管华北中心北京一部特管经理 (职位编号：BK22GO),平安银行股份有限公司,20-30万/年,3
GTM经理（Go To Market）,筑思科技（深圳）有限公司,1.5-2万/月,若干
Perl/Python/Go/C后台开发工程师(移动与物联网),中盈优创资讯科技有限公司,1.2-2万/月,4
Golang/Go开发,深圳市元征科技股份有限公司,1.5-2.5万/月,1
高级 PHP、GO 开发工程师,深圳新超越信息技术有限公司,2-2.5万/月,3
GO开发工程师,深圳市闻迅数码科技有限公司,0.8-1.2万/月,1
GO语言工程师,深圳脸谱电子商务有限公司,1.5-2.5万/月,2
Go/Golang游戏后端开发,淄博东雷商贸有限公司,1.5-2.5万/月,若干
GO开发工程师,广州市久泰信息技术有限公司,1.5-2万/月,1
GO开发工程师,广州市漫灵软件有限公司,0.7-1.5万/月,若干
运维开发工程师（go）,南京莱斯信息技术股份有限公司,1.5-2万/月,2
GO开发工程师,国际私塾,0.8-1.5万/月,2
GO语言（后端开发）,厦门唐普信息技术有限公司,1.5-2万/月,1
GO Golang 工程师,盾钰（上海）互联网科技有限公司,20-30万/年,5
Go开发工程师,广州市溢熙信息科技有限公司,0.8-1.5万/月,若干
GO高级开发工程师,上海曼图科技有限公司,1.5-3万/月,3
GO开发工程师,广州市久泰信息技术有限公司,1.5-2万/月,1
GO开发工程师,广州市漫灵软件有限公司,0.7-1.5万/月,若干
运维开发工程师（go）,南京莱斯信息技术股份有限公司,1.5-2万/月,2
GO开发工程师,国际私塾,0.8-1.5万/月,2
GO语言（后端开发）,厦门唐普信息技术有限公司,1.5-2万/月,1
GO Golang 工程师,盾钰（上海）互联网科技有限公司,20-30万/年,5
Go开发工程师,广州市溢熙信息科技有限公司,0.8-1.5万/月,若干
GO高级开发工程师,上海曼图科技有限公司,1.5-3万/月,3
C++/Go开发工程师,上海麦杰科技股份有限公司,1.5-2万/月,1
GO语言研发工程师,北京数盾信息科技有限公司,1.5-2万/月,1
go语言软件工程师,川源（中国）机械有限公司,6-8千/月,1
天使GO主持人  五险一金+双休,湖南爱善天使健康管理有限公司,4-6千/月,1
go,深圳猎影商务信息咨询有限公司,0.8-1.2万/月,4
涂装机器人&amp;设备go (职位编号：532433),吉利科技集团,1-1.5万/月,10
中级研发工程师（欢GO app 后台方向）,福州米花传媒有限公司,0.8-1万/月,1
C++/go后台开发工程师,广州无界互动网络科技有限公司,1.8-2.2万/月,1
Go开发  区块链开发,重庆即通行者科技有限公司,0.8-1.2万/月,2
Go/shell/python运维开发工程师,南京披云信息科技有限公司,0.5-1万/月,3
高级研发工程师(C++/Go),深圳彩京软件科技有限公司,2.5-3.5万/月,若干
GO服务器开发工程师,武汉微派网络科技有限公司,1.5-2.5万/月,2
Go工程师,上海利莫网络科技有限公司,1.8-2.5万/月,1
GO开发工程师,上海有大信息科技有限公司,1.5-2万/月,2
后端开发工程师（php java go),上海淡红金融科技有限公司,1.5-2.5万/月,若干
GO开发工程师,象翌微链科技发展有限公司,1.5-2万/月,1
GO开发工程师,北京天融信科技有限公司,1-2万/月,5
go语言开发工程师,山东蚁动网络科技有限公司,0.6-1.1万/月,若干
GO开发工程师,北京铭软云视科技有限公司,0.7-1.2万/月,1
GO开发工程师,上海元笛软件有限公司,6-8千/月,1
GO开发工程师,深圳市宏剑科技有限公司,4-7万/月,2
GO开发工程师,上海舜凯信息科技有限公司,2-2.5万/月,3
Go语言工程师,和昌未来科技（深圳）有限公司,1-1.5万/月,1
GO开发工程师,深圳车库电桩科技有限公司,1.5-2万/月,1
go软件研发工程师（济南）,山东浪潮云服务信息科技有限公司,0.8-1.6万/月,5
GO开发工程师,杭州溜达网络科技有限公司,1.5-2.5万/月,若干
GO游戏服务器主程,蝴蝶互动（上海）信息技术有限公司,2-3.5万/月,2
C++/go服务端开发工程师（游戏）,杭州游卡网络技术有限公司,2-2.5万/月,1
Go后台开发工程师,广州飞跑科技有限公司,1-2万/月,3
GO开发工程师,深圳艺享网络科技有限公司,1-2万/月,1
GO开发工程师,百堇信息技术（上海）有限公司,2-4万/月,2
Java PHP Go 资深工程师/Leader,北京智软英才管理咨询有限公司,2.5-4.8万/月,20
Go Language 软件开发工程师,黑头羊网络科技（上海）有限公司,1.5-2万/月,1
区块链专家 GO,THE BLOCKCHAINER TECHNOLOGY PTE.LTD./区块链人科技（新加坡）有限公司,3-4万/月,5
资深Go工程师 (职位编号：000904),上海基分文化传播有限公司,3-5万/月,若干
Go后台开发工程师,深圳市易思博酷客科技有限公司,10-15万/年,若干
GO语言高级工程师,广州三尺信息科技有限公司,1.6-2.3万/月,1
高级go开发工程师(J10474),明略科技集团,1.5-2万/月,若干
GO语言研发工程师,深圳市中电合信科技股份有限公司,1-1.5万/月,5
通讯业务研发工程师（Linux下go或C++2年开发经验,深圳市前海润杨金融服务有限公司,0.8-1.2万/月,1
GO开发工程师,厦门点滴汇信息科技有限公司,1-1.5万/月,若干
GO开发工程师,浙江好络维医疗技术有限公司,1.4-1.8万/月,若干
GO服务器开发工程师,成都泥丸科技有限责任公司,0.8-1.6万/月,若干
Go语言开发工程师,珠海市圈宝网络科技有限公司,1-1.5万/月,1
区块链技术开发工程师（go-c++-Python ）,杭州复杂美科技有限公司,20-50万/年,2
Go后端工程师,南京加牛物联科技有限公司,0.8-1.5万/月,5
GO开发工程师,河南有趣空间网络科技有限公司,1.5-2万/月,5
淘宝美工/网页设计师,万和GO,4-8千/月,2
音响资深销售员,上海阳与函贸易有限公司,0.8-1.5万/月,2
游戏golang开发工程师,武汉翼游网络技术有限公司,1-1.8万/月,若干
运维工程师-JT,广东世纪晓教育科技有限公司,1.5-2万/月,2
IT系统架构师,扬州鲜生活电子商务有限公司,1-2万/月,1
运维工程师 (职位编号：000397),杭银消费金融股份有限公司,15-20万/年,1
课程顾问8K-10k,武汉市中青信息教育培训有限公司,0.8-1万/月,若干
运维工程师,快创科技（大连）有限公司,5-8千/月,1
Senior Software Engineer (请投递英文简历）,Serko China,1.9-3万/月,若干
Golang 开发工程师,苏州极光无限信息技术有限公司,2.5-5万/月,1
运维开发专家,浙江单创品牌管理有限公司,2-2.5万/月,若干
APK/APP研发测试工程师,广州非凡信息安全技术有限公司,0.6-1.2万/月,若干
淘宝主播 (职位编号：03),广州魅佳健康科技有限公司,3-4.5千/月,6
网络销售（天河区+福利多多）,广州愿恒缘信息科技有限公司,0.8-1万/月,3
php开发工程师,韩国瓷肌中国区公司,1.2-2万/月,1
软件工程师,上海其高电子科技有限公司,1.5-2.5万/月,1
外籍英语老师 （English teachers）,广州蜜蜂贝贝教育咨询有限公司,1.2-1.8万/月,3
Senior Ecommerce Manager,纽威日用品（上海）有限公司,3.5-4.5万/月,1
Frontend Engineer - (NodeJS),Cisco 思科系统（中国）,1.5-3万/月,1
Admin Trainee (职位编号：007639),迪卡侬体育用品公司（Decathlon）,200元/天,1
中方英语教师 EF Local English Teacher,EF英孚教育,4-6千/月,6
前端开发工程师,大连亿达信息技术有限公司深圳分公司,1-1.5万/月,2
待遇好 无责8k+ 体验课班主任 (职位编号：gzj),深圳市紫云芯电子科技有限公司,1-1.5万/月,20
Web前端开发工程师,广州智品网络科技有限公司,1.5-3万/月,2
游戏服务器开发（休闲游戏）,深圳市秀探科技有限公司,1.5-2.5万/月,若干
Logistics Capabilities Manager,亨氏（中国）投资有限公司,20-30万/年,1
Senior CI/CD Engineer,SAP Cloud Platform Project,2.5-5万/月,若干
Legal Associate 法律助理,佛山光寰贸易有限公司,1-2万/月,1
运维总监,上海青凤致远地球物理地质勘探科技有限公司,4-5万/月,2
Web前端设计师,中软国际科技服务有限公司,1.4-1.9万/月,6
外贸专员 trade specialist (职位编号：19007001),上海熙曈电子有限公司,0.6-2万/月,3
财务助理,昊博汽车科技（苏州）有限公司,4.5-6千/月,1
Sales Manager East China 华东销售经理 要求英语流利,法念食品贸易（深圳）有限公司,2-3万/月,若干
Golang后端开发工程师,广东百网信息科技有限公司,0.8-1.5万/月,若干
软件测试工程师,浙江印象软件有限公司,0.8-1万/月,1
Customer Service Assistant 客服助理,洛科威防火保温材料（广州）有限公司,4-6千/月,1
C/C++软件工程师,德科仕通信（上海）有限公司,0.7-1.5万/月,若干
容器云中高级开发工程师,深圳云天励飞技术有限公司,1.5-3.5万/月,1
Web前端开发工程师,杭州创宇信息技术有限公司,1.8-3万/月,2
Business System Developer,广东以色列理工学院,1-1.5万/月,1
理赔专员,信诺西格纳数据技术服务（上海）有限公司,0.7-1万/月,2
研发工程师,上海道客网络科技有限公司,1.5-2.2万/月,1
Golang后端开发工程师,广州智扫技术服务有限公司,0.8-1.5万/月,1
Web Designer/网页前端开发工程师,上海都赛信息科技股份有限公司,0.7-1万/月,1
后台开发工程师(J10194),传易互联（深圳）有限公司,1.5-2万/月,1
CDN运维工程师 RR,同方鼎欣科技股份有限公司,1.5-2万/月,若干
应用工程师(AC-DC) - 03509,戴泺格半导体（深圳）有限公司,1.5-2万/月,若干
软件需求分析师,北京埃顿酒店服务有限公司上海第二分公司,1.5-2万/月,1
市场专员 (职位编号：001),班博企业咨询（上海）有限公司,0.7-1.2万/月,1
Delivery Manager,丹质信息科技（上海）有限公司,1-2万/月,1
Overseas BD Manager 海外客服,上海隆程国际货物运输代理有限公司,0.7-1.5万/月,2
Java开发工程师,清博（昆山）自动化科技有限公司,1-2万/月,1
运维开发工程师,深圳市亚桐控股集团有限公司,1.5-2.5万/月,1
英文客服/英语客服/跟单员/买五险一金/有宿舍,广州市粤港信息技术咨询有限公司,4.2-7千/月,2
PHP开发工程师,深圳雨燕网络科技有限公司,1.5-2.5万/月,1
滲透工程师,广州云羲网络科技有限公司,0.7-2万/月,若干
"Sales Training planner, Assistant Manager",皇家加勒比游轮船务（中国）有限公司,20-30万/年,1
合规经理,晋江爱迈思特鞋业有限责任公司,1-1.5万/月,若干
Python开发工程师,上海联元智能科技有限公司,1-1.8万/月,1
Assistance Coordinator,优普旅行援助服务（北京）有限公司上海分公司,0.8-1万/月,若干
外贸销售 英语 （海外业务）,上海泽昉公关策划有限公司,1-1.5万/月,5
DBA工程师,上海艾天科技有限公司,1.5-2.5万/月,3
后台工程师,广东金鼎移动传媒有限公司,0.5-1万/月,3
监控专员,西安凯悦酒店,2-3千/月,2
后端主程,深圳微播信息技术有限公司,2.5-3万/月,1
golang开发工程师,广东映客互娱网络信息有限公司,1.8-3.5万/月,若干
通讯规约开发工程师,安徽国讯芯微科技有限公司,0.6-2万/月,2
Associate Consultant Logistics & SCM 初级咨询师,恒流管理咨询（上海）有限公司,1-1.5万/月,若干
Billing Specialist (MJ000639),上海嘉会国际医院有限公司,0.8-1.2万/月,8
技术总监,数说新奇信息技术（上海）有限公司,40-50万/年,2
软件开发工程师,武汉奥贝赛维数码科技有限公司,1-1.5万/月,2
金融编辑 Financial Editor,亚洲银行家,1-1.5万/月,若干
研究院-测试研究员 (职位编号：2019089),深圳市赢时胜信息技术股份有限公司北京分公司,1.5-3万/月,2
java开发工程师,江苏梦立渊软件技术有限公司,0.8-1.2万/月,10
iOS工程师,广东优德科技有限公司,0.5-1万/月,若干
售后实施工程师,上海协卡信息科技服务有限公司,0.8-1.2万/月,1
不加班+福利多多电话销售专员,广东居政安防科技发展有限公司,0.8-1.6万/月,10
容器云研发工程师,扬州万方电子技术有限责任公司,0.8-1.2万/月,2
安全工程师（测试）-技术中心-合肥市,科大讯飞股份有限公司,1-1.7万/月,1
系统架构师,瑞卡租车,1.8-2.3万/月,1
技术支持工程师,苏州声通信息科技有限公司,0.6-1.2万/月,1
信息安全主管,上海络安信息技术有限公司,1.5-2万/月,1
Station SW/HW,世纪福智能装备股份有限公司,1.5-3万/月,1
英语教师,广州柏时,6-8千/月,3
验证工程师 Validation Engineer（生物/制药工程业）,上海锐臻洁净科技有限公司,0.8-1.5万/月,5
安全工程师,华为技术有限公司,2.5-5万/月,100
客户经理 - 全渠道,"高露洁棕榄（中国）有限公司 Colgate-Palmolive (China) Co.,Ltd & Colgate (China) Co.,Ltd",7-9千/月,若干
Senior Auditor 高级审计,埃肯国际贸易（上海）有限公司,20-35万/年,1
亚太区市场及销售支持专员 (职位编号：005),育奈蒂科技开发（上海）有限公司,6-8千/月,1
容器云(Kubernetes/Docker容器方向)研发工程师,江苏新智合电力技术有限公司,0.7-1万/月,1
资深Java工程师-基础服务,挚享科技（上海）有限公司,2-3.5万/月,若干
linux网络软件工程师,宁波捷创技术股份有限公司,20-30万/年,1
高级服务器工程师,尤盛信息技术（上海）有限公司,2-3万/月,2
高级C++开发工程师,中邦人力资源（广州）有限公司,4-5万/月,4
AI高级架构师,上海瑞谷拜特软件技术有限公司,3-4万/月,1
分布式存储开发工程师,新希望六和股份有限公司,1.5-2万/月,2
外检员 / outsourcing inspector,柘科（中国）工程设备有限公司,10-20万/年,1
DAPP开发工程师,深圳市超数科技有限公司,1.5-3万/月,若干
高级运维工程师,北京源石云科技有限公司,1.5-2.5万/月,1
信息安全工程师（武汉）,江西国泰利民信息科技有限公司,1.5-2.5万/月,3
客服主管 SCM Customer Service Team Leader,丹马士环球物流（上海）有限公司,0.9-1.5万/月,1
服务器开发工程师,厦门点触科技股份有限公司深圳分公司,1-1.5万/月,若干
开发经理,云汉芯城（上海）互联网科技股份有限公司,2.5-3.8万/月,1
Golang游戏开发工程师-GR024,杭州边锋网络技术有限公司,1.6-2.2万/月,1
Sourcing Coordinator,誉礼贸易（深圳）有限公司,1.5-2万/月,1
web后端开发工程师,深圳市云动创想科技有限公司,1-1.3万/月,1
高级运维工程师（DevOps）,北京南北恒达科技有限公司,1.5-2万/月,2
CDN运维工程师,北京家视天下科技有限公司,0.8-1.5万/月,若干
游戏后端开发工程师,广州游易互娱网络科技有限公司,1-1.5万/月,2
奥托立夫-项目管理工程师（短期职位）,上海合杰人才服务有限公司,1.2-1.5万/月,1
高级系统工程师,南京天数智芯科技有限公司,1.5-3万/月,1
golang开发工程师,深圳市泰雅通科技有限公司,1-2万/月,2
CPM Manager 客户项目总监,瓴盛科技有限公司,45-70万/年,若干
设备端开发工程师,深圳市迪威泰实业有限公司,1.8-2万/月,3
服务端开发工程师,广东卓翼教育投资有限公司,1-1.5万/月,3
视频图像识别算法工程师,中国电建集团成都勘测设计研究院有限公司数字工程分公司,0.6-1万/月,若干
区块链开发工程师(C#),超鸟科技（武汉）有限公司,0.8-1.2万/月,2
IT运维工程师,上海派拉软件股份有限公司,5-7千/月,若干
Inside Sales Representative,缤特力通讯科技(苏州)有限公司,0.8-1万/月,若干
Senior Account Manager,北京灰点博创技术有限公司,2.5-3万/月,1
蒸汽产品设计工程师,凯迪吸尘器（苏州）有限公司,6-9千/月,若干
Product Supervisor产品主管,曼宁家屋面系统（中国）,0.8-1万/月,1
系统运维工程师,上海电享信息科技有限公司,1-1.5万/月,1
市场拓展专员,长沙艾威健身服务有限公司,0.6-1.2万/月,若干
人事专员-短期,思迈创科（广州）电子标签有限公司,7-9千/月,1
数据开发工程师,深圳前海硬之城信息技术有限公司,2-3.5万/月,1
后端工程师,武汉天盈智简科技有限公司,0.8-1万/月,3
AI算法工程师,广州智尔信息科技有限公司,1.5-3万/月,1
高级H5开发工程师,上海意利信息科技股份有限公司,2-2.5万/月,2
区块链工程师,深圳市建筑科学研究院股份有限公司,1.5-3.5万/月,1
前端开发工程师,联联周边游科技（成都）有限公司,1-1.5万/月,1
软件开发工程师,山东伏羲智库互联网研究院,1.5-2.5万/月,若干
招业务员+高薪+免费住宿,郑州大勤环保科技有限公司,6-8千/月,5
PHP高级工程师,广州塞隆智能科技有限公司,1-2万/月,2
运维开发工程师,石投金融,1.2-1.8万/月,1
后台开发工程师,江苏中协智能科技有限公司,1.2-2万/月,1
SAP FI/CO 顾问,沃时派客（上海）包装科技有限公司,3-4万/月,3
PHP开发工程师,广东朝阳全网通科技有限公司,5-8千/月,2
"Marketing Manager , PennAuto",宾姆紧固件（上海）有限公司,2-4万/月,1
Editorial Assistant / 编辑助理- Beijing,Taylor & Francis Group(泰勒弗朗西斯出版集团),6-8千/月,1
C++开发工程师,湖南京禾电子商务有限公司,1-1.5万/月,3
后端开发高级工程师,上海工业控制安全创新科技有限公司,1-2.5万/月,1
Client Support Analyst,Meltwater Group,0.8-1万/月,4
中方儿童英语教师/英语老师 (职位编号：01),山姆大叔少儿英语,6-8千/月,3
Golang开发工程师,上海谱唯网络科技有限公司,1.5-2.5万/月,若干
销售（双休，购买五险一金),广州戈海贸易有限公司,0.5-1.5万/月,若干
移民文案,海尚因私出入境服务（上海）有限公司,1-1.5万/月,1
运维开发工程师（自动化）,杭州维服科技有限公司,1-2万/月,5
PHP开发工程师,杭州聚车汇信息技术有限公司,1-3万/月,2
计算机类课程讲师招聘,北京万门教育科技有限公司,1.5-2万/月,10
理赔专员,上海科之锐人才咨询有限公司,0.8-1万/月,4
嵌入式软件工程师 (职位编号：嵌入式01),成都福立盟科技有限公司,4-8千/月,1
首饰品外贸跟单员 Jewelry,吉美艾国际贸易（上海）有限公司,0.8-1万/月,2
业务跟单员4000以上,石家庄创德科技有限公司,4.5-6千/月,若干
Senior TGCM Technicion,中微半导体,0.5-1.5万/月,1
宝安课程咨询师+底薪6000+上班自由+90后团队,深圳市云商予网络科技有限公司,1-1.5万/月,5
销售课程顾问+底薪5K/高意向客户（电销与网销） (职位编号：5),深圳市跃骐网络科技有限公司,1-1.5万/月,6
K8S容器开发工程师 (职位编号：AI001),火石创造（医健产业大数据）,2-2.5万/月,1
Service Offering Manager,江森自控（中国）投资有限公司,3-4万/月,1
Contract Logostics Solution Engineer,乔达国际货运（中国）有限公司,1.5-2万/月,1
宝安：8K线上班主任/售后班主任,深圳市天创伟业科技有限公司,0.8-1.5万/月,若干
高级运维工程师,澳发科技（珠海横琴）有限公司,1.8-3.5万/月,若干
初级Java开发工程师,上海商涌网络科技有限公司,1-1.5万/月,若干
Golang开发工程师,上海雷神网络科技有限公司,1.5-2万/月,2
Java开发工程师,上海绿谷制药有限公司,2-2.5万/月,2
DevOps工程师,华人运通控股（上海）有限公司,1.5千以下/月,1
软件工程师,杭州迦智科技有限公司,1-1.5万/月,2
J急聘课程顾问/互联网销售,深圳市升学文化传播有限公司,0.8-1万/月,5
区域销售专员5000+包吃住,成都勤正环保科技有限公司,5-8千/月,8
数据服务开发工程师,北京万维盈创科技发展有限公司,0.8-1.5万/月,1
业务安全攻防负责人 (职位编号：45133),字节跳动,5-10万/月,2
容器云架构师,太美医疗系统,3-6万/月,1
数据库运维管理,SHCP直通车项目组1,15-30万/年,1
DevOps / SRE,Yogo Robotics 有个机器人,2-4万/月,1
系统架构师,南京华智达网络技术有限公司,2.5-4万/月,2
云平台软件研发工程师,北京华宇泰聚科技有限公司,2-3万/月,2
网络销售客服（底薪+高提成，优渥福利）,武汉市江汉区回忆铺子摄影馆,4.5-6千/月,3
JD00510000011 Operation Manager电商运营经理,颐亿信息技术（上海）有限公司,1.8-4万/月,2
PHP高级开发工程师,广东智慧青少年宫教育发展有限公司,1.4-2万/月,若干
Field Sales Engineer,Materion China,30-40万/年,1
PHP开发工程师,成都量子捷云网络技术有限公司,1-1.5万/月,1
高级运维工程师,上海东普信息科技有限公司,1.5-2.5万/月,2
Node.js开发工程师,网咨信息科技（上海）有限公司,10-20万/年,若干
基于阿里云大数据机器学习开发工程师,深圳市巨燊科技有限公司,2-3万/月,1
测试开发实习,重庆且动科技有限公司,4.5-6千/月,6
DBA工程师,端云信息技术（上海）有限公司,1.5-2.5万/月,若干
软件开发工程师（长期日本出差） (职位编号：RJ016),赛伯尔（大连）信息技术咨询有限公司,1.5-4万/月,3
AI云平台研发实习生,合肥中科类脑智能技术有限公司,6-8千/月,1
数据库开发,吉林省吉林祥云信息技术有限公司,0.8-1万/月,1
运维工程师,礼娱（深圳）网络科技有限公司,0.7-1.3万/月,2
软件工程师  Software Engineer,上海数联医信企业发展有限公司,10-15万/年,1
软件园K12编程老师双休/D,武汉金翰管家科技有限公司,0.5-1万/月,若干
产品规划师,东莞市海意塑胶电子科技有限公司,2.5-5万/月,2
高级C++开发工程师-网络安全,亚信科技（成都）有限公司,1.6-2.5万/月,2
生产计划助理,亚曼缝纫线（盐城）有限公司,3-4.5千/月,1
Vendor Relationship Manager,礼诺咨询（深圳）有限公司,1-1.5万/月,1
课程班主任8k/交通补助,内蒙古万悟企业管理咨询服务有限公司,6-8千/月,10
后台工程师,成都市青柠微影科技有限公司,0.8-1.6万/月,1
Project Architect 项目建筑师,logon urban.architecture.design 上海罗昂建筑设计咨询有限公司,1.5-2万/月,若干
Project Manager,步康（上海）软件有限公司,20-30万/年,1
国内销售代表  sales representative,深圳市全方位国际货运代理有限公司,0.3-1万/月,10
运维工程师,成都未来时间教育科技有限公司,1.5-2万/月,1
平台测试工程师,上海鼎充新能源技术有限公司,1-1.8万/月,2
售前技术顾问,上海银基信息安全技术股份有限公司,1.5-2万/月,若干
高级系统工程师,福建网龙计算机网络信息技术有限公司,1.1-2万/月,1
Devops开发工程师 (MJ001376),PPmoney万惠集团,1.5-2.5万/月,1
游戏后台开发工程师,深圳墨冰科技有限公司,1-2万/月,2
网络工程师,广西柳州医药股份有限公司,6-8千/月,1
Advanced Logistics Engineer 前期物流工程师,伟速达（中国）汽车安全系统有限公司,9-15万/年,1
运维开发工程师,广州弘度信息科技有限公司,1.5-2.5万/月,3
Flutter开发工程师,深圳市爱能森新能源互联网科技有限公司,0.7-1.2万/月,2
AI高级架构师,上海脉源企业管理咨询有限公司,4-5万/月,1
研发总监,南京亚信云天信息科技有限公司,2-3万/月,1
Python开发工程师,广州回头车信息科技有限公司,1-2万/月,1
Sales Associate-全球知名引擎公司,北京外企德科人力资源服务上海有限公司,2-2.5万/月,1
高级数据库运维工程师,元田科技（深圳）有限公司,0.8-1万/月,若干
行政前台,珠海中泽睿创投资发展有限公司,3.5-5千/月,4
技术支撑平台-高级服务端开发工程师,北京搜狗科技发展有限公司,2-4万/月,2
税务专员-松江,上海ABB动力传动有限公司,0.8-1万/月,1
区块链研发工程师,厦门宁水投资管理有限公司,2-6万/月,1
后台服务器开发工程师/golang开发,鲨湾科技（上海）有限公司,1.5-2.5万/月,2
电镀线长,南通凯瑞德机械有限公司,4.5-6.5千/月,1
服务端开发工程师,北京金山办公软件股份有限公司,1.5-3万/月,1
C++软件开发工程师,上海大智慧财汇数据科技有限公司,1.5-2万/月,若干
golang开发工程师,深圳市爱美购科技有限公司,1.5-3万/月,3
推荐算法工程师,深圳市有传科技有限公司,1.1-2.2万/月,1
PHP高级开发工程师,博看网,1-1.5万/月,2
质量工程师,杭州天元宠物用品股份有限公司,0.8-1.2万/月,1
大小周五险一金外贸跟单员,广州航速达货运代理有限公司,4.5-6千/月,2
运维架构师,上海神州数码有限公司,1.5-2万/月,若干
架构师,仁和药业股份有限公司,1-2万/月,2
课程顾问电话销售z月入过万/宝安,中创星国际传媒（深圳）有限公司,1-1.5万/月,20
APP产品经理,彩晶商贸技术服务（深圳）有限公司,1-1.5万/月,1
安全工程师(系统),杭州有赞科技有限公司,1.5-3万/月,若干
Java开发工程师,深圳市仕通优途科技有限公司,1-1.5万/月,10
EF英孚教育青少英语教师--滨海泰达校区,EF英孚教育,6-8千/月,1
JAVA项目经理,深圳市四纪空间信息技术有限公司,1.5-2.5万/月,1
软件开发技术人员,什邡市方亭尊瑞饰品店,4-8千/月,1
后端开发工程师,三一集团人力资源总部,3-5万/月,1
后台开发工程师,佛山市高明区国星众联电子科技服务部,3-8千/月,2
linux网络开发工程师,上海思亮信息技术股份有限公司,1-3万/月,1
游戏服务器开发,西安舟济网络科技有限公司,1-1.5万/月,5
销售代表（保底5000+公平晋升+提成+五险+包住）,合肥千子成科技有限公司,0.8-1万/月,10
销售经理（分析仪器）,日立分析仪器（上海）有限公司,1-3万/月,1
2020校园招聘-应用软件工程师2565 (职位编号：002565),紫光展锐,1-2万/月,若干
后台开发工程师,常州优之选电商网络科技有限公司,0.6-1万/月,1
Foreign Teacher ( Billingual  Kindergarten),上海学寅教育科技有限公司,2-3.5万/月,若干
课程顾问（超高提成+周末双休）,广州倍新健身服务有限公司,0.8-1万/月,5
推荐算法工程师,北京安德信业信息咨询有限责任公司,3-6万/月,2
PHP高级工程师（工作地点：昆山花桥）,上海极光网络科技有限公司,2-2.5万/月,1
渗透测试/代码审计工程师,广州竞远安全技术股份有限公司,0.6-1.4万/月,2
少儿编程班主任（售后维护）,深圳市鸿泰企业管理有限公司,0.8-1万/月,12
数据挖掘工程师,杭州会搜科技股份有限公司,1.5-3万/月,1
系统架构师,苏州食行生鲜电子商务有限公司,2.5-3万/月,若干
BD Senior Manager,辉瑞制药有限公司,4-5万/月,1
安全工程师,成都互诚在线科技有限公司,1-1.6万/月,若干
西厨房主管 Western Kitchen Chef de Partie,上海雅恒房地产开发有限公司雅居乐万豪酒店,4.5-6千/月,若干
容器开发工程师,浙江保融科技有限公司,1.5-2.5万/月,1
销售4k+住宿+晋升+旅游,贵州欧纳森环保科技有限公司,3-8千/月,8
班主任（网络客服+月均8K）软件园,深圳市优职管理咨询有限公司,0.8-1万/月,10
Golang开发工程师,河南省鑫山实业发展有限公司,0.6-1.2万/月,2
Supplier Q&FS Scientist,纽利味食品（北京）有限公司,0.9-1.4万/月,1
DevOps Engineer,普华永道信息技术（上海）有限公司,1-1.5万/月,若干
研发工程师,杭州南江机器人股份有限公司,1.3-1.7万/月,若干
Java高级开发工程师（跨境电商）,深圳市有棵树科技有限公司,1.5-2.5万/月,1
区块链开发工程师,北京连盈科技有限公司,2-4万/月,若干
意大利餐厅副经理、领班、领位（国际高端奢华酒店）,上海天谋网络科技有限公司,0.5-1万/月,若干
安全研发工程师（高级）,上海瀛太信息科技有限公司,1-2万/月,3
Java开发工程师（产品自研）,天津卓朗科技发展有限公司,1-1.5万/月,1
视频监控软件研发工程师 (职位编号：18),上海名拓网络技术有限公司,1.5-2万/月,3
市场营销,泸州市龙马潭区惠润商贸部,2-3千/月,5
数据库开发高级工程师（南京）,中移物联网有限公司,1-1.5万/月,若干
华为项目技术服务经理,神州数码信息服务股份有限公司,1-1.8万/月,1
CSGO社区地图/玩法制作,完美世界（上海）/完美时空,1-2万/月,1
1111UI-BJ-音视频后台开 (职位编号：1111UI),平安科技（深圳）有限公司,2-2.5万/月,2
IP Design Architect,超威半导体（中国）有限公司,4-5.5万/月,1
Business Development Supervisor/Assistant Manager,联合利华中国有限公司上海分公司,1-2万/月,1
Customer Service Representative-English,Hewlett Packard Enterprise,6-8万/年,1
"Richemont,YNAP&Alibaba JV- Upload Planner",历峰集团Richemont,2-2.5万/月,1
运维开发工程师-大数据,绫致时装（天津）有限公司,1.5-2.5万/月,若干
测试工程师,亚信科技行业发展中心,1.5-2.8万/月,10
软件测试工程师,亚信科技（中国）有限公司,1.5-2.8万/月,3
高级前端开发工程师,亚信国际AII,1.2-2万/月,1
IT Digital Services Manager,"飞利浦（中国）投资有限公司 Philips (China) Investment Co.,Ltd.",3-4万/月,1
后台开发工程师,骢锋（上海）互联网金融信息服务有限公司,1.5-2万/月,1
服装外贸业务员,合肥荣昊进出口贸易有限公司,0.8-1万/月,2
区域销售助理,上海葛兰素史克生物制品有限公司,0.8-1万/月,1
运维工程师,浙江桔瓣科技有限公司,1-1.5万/月,1
测试工程师(J10318),北京腾云天下科技有限公司,6-8千/月,若干
KXX-信息安全专员(安全开发),深圳前海微众银行股份有限公司,1.2-2万/月,1
总账主管,强生（苏州）医疗器材有限公司,18-25万/年,1
IT Support Senior Engineer,华尔特人才咨询（上海）有限公司,2-2.5万/月,1
Merchandising Manager,北京仕邦达人力资源服务有限公司上海分公司,30-33万/年,若干
Golang开发工程师,河南省鑫山实业发展有限公司,0.6-1.2万/月,2
Supplier Q&FS Scientist,纽利味食品（北京）有限公司,0.9-1.4万/月,1
DevOps Engineer,普华永道信息技术（上海）有限公司,1-1.5万/月,若干
研发工程师,杭州南江机器人股份有限公司,1.3-1.7万/月,若干
Java高级开发工程师（跨境电商）,深圳市有棵树科技有限公司,1.5-2.5万/月,1
区块链开发工程师,北京连盈科技有限公司,2-4万/月,若干
意大利餐厅副经理、领班、领位（国际高端奢华酒店）,上海天谋网络科技有限公司,0.5-1万/月,若干
安全研发工程师（高级）,上海瀛太信息科技有限公司,1-2万/月,3
Java开发工程师（产品自研）,天津卓朗科技发展有限公司,1-1.5万/月,1
视频监控软件研发工程师 (职位编号：18),上海名拓网络技术有限公司,1.5-2万/月,3
市场营销,泸州市龙马潭区惠润商贸部,2-3千/月,5
数据库开发高级工程师（南京）,中移物联网有限公司,1-1.5万/月,若干
华为项目技术服务经理,神州数码信息服务股份有限公司,1-1.8万/月,1
CSGO社区地图/玩法制作,完美世界（上海）/完美时空,1-2万/月,1
1111UI-BJ-音视频后台开 (职位编号：1111UI),平安科技（深圳）有限公司,2-2.5万/月,2
IP Design Architect,超威半导体（中国）有限公司,4-5.5万/月,1
Business Development Supervisor/Assistant Manager,联合利华中国有限公司上海分公司,1-2万/月,1
Customer Service Representative-English,Hewlett Packard Enterprise,6-8万/年,1
"Richemont,YNAP&Alibaba JV- Upload Planner",历峰集团Richemont,2-2.5万/月,1
运维开发工程师-大数据,绫致时装（天津）有限公司,1.5-2.5万/月,若干
测试工程师,亚信科技行业发展中心,1.5-2.8万/月,10
软件测试工程师,亚信科技（中国）有限公司,1.5-2.8万/月,3
高级前端开发工程师,亚信国际AII,1.2-2万/月,1
IT Digital Services Manager,"飞利浦（中国）投资有限公司 Philips (China) Investment Co.,Ltd.",3-4万/月,1
后台开发工程师,骢锋（上海）互联网金融信息服务有限公司,1.5-2万/月,1
服装外贸业务员,合肥荣昊进出口贸易有限公司,0.8-1万/月,2
区域销售助理,上海葛兰素史克生物制品有限公司,0.8-1万/月,1
运维工程师,浙江桔瓣科技有限公司,1-1.5万/月,1
测试工程师(J10318),北京腾云天下科技有限公司,6-8千/月,若干
KXX-信息安全专员(安全开发),深圳前海微众银行股份有限公司,1.2-2万/月,1
总账主管,强生（苏州）医疗器材有限公司,18-25万/年,1
IT Support Senior Engineer,华尔特人才咨询（上海）有限公司,2-2.5万/月,1
Merchandising Manager,北京仕邦达人力资源服务有限公司上海分公司,30-33万/年,若干
软件工程师(000804)（绵阳） (职位编号：000804),长虹多媒体产业公司,6-8千/月,3
测试工程师,北京八分量信息科技有限公司,1.5-2万/月,1
高级渗透测试工程师,北京普惠互联科技有限公司,1.5-2.5万/月,若干
IT总监/技术合伙人/CTO,名筑科技信息有限公司,3-5万/月,1
系统运维工程师 (MJ000436),上海商米科技集团股份有限公司,1.5-3万/月,2
PHP开发工程师,上海炙火电子科技有限公司,0.8-1.5万/月,若干
QC Inspector,香港Famosa International LTD深圳代表处,5-7千/月,1
产品市场经理,通维数码科技（上海）有限公司,2.5-3万/月,1
运维架构师,深圳市玩呗娱乐科技有限公司,3-5万/月,若干
高级Java开发工程师,上海剪刀石头布家居实业有限公司,1.5-2万/月,1
"Sales Manager, Contract Logistics",飞格国际物流（上海）有限公司深圳分公司,15-20万/年,1
供应商质量管理工程师SQE兼过程质量管理工程师,桑浦机械（上海）有限公司,1-1.5万/月,1
MySQL DBA（契约锁）,上海泛微网络科技股份有限公司,1.2-1.8万/月,1
区块链开发工程师,广州潮流服装有限公司,1-1.5万/月,若干
酒店工程部负责人（长春）,深圳协同管理咨询有限公司,1-2万/月,1
自动化测试实习生,杭州晨科软件技术有限公司,2-3千/月,5
运达广场：课程顾问销售无责2800+520餐补,武汉涛森节能科技有限公司,4.5-6千/月,15
Product Compliance Specialist,欧时电子元件（上海）有限公司,15-20万/年,若干
金融贷款专员,苏州中拓易测绘地理信息科技有限公司,6-8千/月,若干
(ID212435) 外资咨询公司礼宾,上海任仕达人才服务有限公司,7-9千/月,3
实施顾问-SAP SD/MM/PP/LE,上海指北电脑有限公司,2.5-3万/月,2
自动化测试实习生,杭州三多网络信息有限公司,2-3千/月,2
后台开发工程师,深圳市鑫河区块链技术开发有限公司,1.5-2万/月,2
Node.js开发工程师,深圳市问鼎网络科技有限公司,2-3千/月,2
研发经理,深圳优领信息科技有限公司,1-1.5万/月,1
自媒体视频设计,东莞市艾利欧服饰有限公司,0.8-1万/月,1
嵌入式硬件开发工程师,深圳联友科技有限公司,1-1.5万/月,1
系统架构师,深圳联友科技有限公司,2-3万/月,1
Accountant,香港思凯概念有限公司广州代表处,4.5-6千/月,1
翻译（印度语）,美利金融,1-1.5万/月,若干
The North Face高级批发客户主任,威富服饰（中国）有限公司北京分公司,1-1.8万/月,1
区块链密码学工程师,杭州腾展科技股份有限公司,3-5万/月,1
Docker/Kubernetes工程师(003977) (职位编号：vivo003977),vivo智能手机（维沃移动通信有限公司）,2-2.5万/月,3
golang开发工程师,深圳市易泽真空科技有限公司,2-5万/月,2
算法工程师,湖南灵想科技股份有限公司,1.5-2万/月,1
(代招)C++研发工程师,南京翼职盟教育科技有限公司,1.3-2.6万/月,5
Web后端开发工程师,麦道传媒股份有限公司,0.8-1万/月,若干
P2P网络开发工程师,上海易宝软件有限公司,1.5-2万/月,2
区块链开发工程师,深圳市壹佳壹信息技术有限公司,1.5-3万/月,3
高级销售顾问,尚德机构,0.6-1.2万/月,4
质量主管,瀚瑞森（中国）汽车悬挂系统有限公司,0.6-1万/月,1
DBA开发工程师,深圳市零成本科技股份有限公司,1.3-1.7万/月,1
硬件开发工程师,重庆新仙农业科技有限公司,1-2万/月,若干
房地产销售/月薪9千以上,上海裳界房地产经纪有限公司,0.8-1万/月,10
智能化工具软件研发工程师,广东中兴新支点技术有限公司,0.8-1.5万/月,3
架构师,重庆啄木鸟网络科技有限公司,1.5-3万/月,1
区块链开发工程师 (职位编号：009),深圳市墨者安全科技有限公司,2-3万/月,2
采购专员/Sourcing Specialist（可接受应届毕业生）,东莞德龙健伍电器有限公司,4-8千/月,1
高级运维工程师 (职位编号：001575),昂立教育集团智立方中学生vip学习中心,1.5-2万/月,1
产品经理,辉柏嘉（广州）文具有限公司,1.5-2.2万/月,1
Business System Consultant,索诺瓦听力技术（苏州）有限公司,30-40万/年,若干
数字后端工程师,昆泰集成电路（上海）有限公司,0.8-2万/月,1
4K电话销售课程顾问K南山,深圳市招联客服中心有限公司,0.5-1万/月,若干
新产品战略规划经理,香港维健医药集团有限公司,2.5-3万/月,1
高级IOS/Android开发工程师,北京安诺信科技股份有限公司,1-1.4万/月,1
