"id";"jobs";"salary";"firms";"location";"nums"
1;"赴日驻在员";"1.5-2万/月";"青岛三诚国际经济技术合作有限公司";"青岛-黄岛区";"4"
2;"软件工程师-急招赴日出差（急）";"1.5-2万/月";"大连北溟软件有限公司";"大连";"若干"
3;"樱花国际日语-日本留学顾问(赴日留学背景)";"0.6-1.2万/月";"新世界教育集团";"上海-黄浦区";"3"
4;"数字电路设计高级软件开发工程师赴日本长期出差";"3-6万/月";"伙伴（大连）信息技术有限公司";"大连-高新园区";"若干"
5;"日语营业担当（赴日）";"5-8千/月";"大连铃木研磨贸易有限公司";"大连-金州区";"若干"
6;"高薪诚聘赴日出差软件工程师";"2-2.5万/月";"大连鸿进科技有限公司";"大连-沙河口区";"若干"
7;"高薪诚聘赴日工程师";"2-2.5万/月";"大连育知同创科技有限公司";"大连";"3"
8;"软件工程师（赴日长期出差）";"2-2.5万/月";"大连共兴达信息技术有限公司";"大连-沙河口区";"若干"
9;"赴日软件工程师";"1.5-4万/月";"北京核心软件有限公司";"北京-朝阳区";"若干"
10;"紧急招聘赴日（短期/长期）软件工程师（待遇优厚）";"1.5-2万/月";"沈阳思优科信息技术有限公司";"沈阳-皇姑区";"若干"
11;"赴日BSE/软件工程师";"2.5-3万/月";"大连思玛特科技发展有限公司";"大连-高新园区";"5"
12;"赴日安卓软件开发";"1.5-3万/月";"大连维思创新科技有限公司";"大连";"5"
13;"赴日//对日软件开发实习生";"0.8-1万/月";"沈阳上科树品科技有限公司";"沈阳-沈河区";"若干"
14;"赴日派遣咨询顾问";"4-8千/月";"大连拓中教育科技股份有限公司";"大连";"若干"
15;"赴日Java开发工程师";"0.8-1.5万/月";"大连博创人力资源开发有限公司";"大连-沙河口区";"若干"
16;"赴日软件工程师(职位编号：IDEA-0002)";"1-1.5万/月";"大连爱迪思航科技有限公司";"大连";"5"
17;"赴日Java";"1.5-2万/月";"大连弗斯特科技有限公司";"大连-高新园区";"5"
18;"长期赴日软件工程师（C/C++ ）";"1.4-1.8万/月";"大连艾普迪科技有限公司";"大连-高新园区";"若干"
19;"Blockchain赴日高级软件工程师";"2-3万/月";"大连亚天德商务咨询有限公司";"济南";"2"
20;"赴日软件工程师";"1.5-3万/月";"无锡德望科荣科技系统有限公司";"无锡-滨湖区";"5"
21;"赴日软件开发工程师";"1.5-4万/月";"日立解决方案（中国）有限公司";"杭州";"若干"
22;"亚马逊日本运营/ 赴日出差学习机会";"1.5-2万/月";"深圳市遨途科技有限公司";"深圳-龙岗区";"2"
23;"赴日就职项目经理";"1.5-2万/月";"万宝盛华企业管理咨询（上海）有限公司";"上海-徐汇区";"1"
24;"性能调优工程师（赴日）";"15-20万/年";"南京富士通南大软件技术有限公司";"南京";"1"
25;"赴日开发工程师";"1-1.5万/月";"沈阳焱展信息技术有限公司";"沈阳";"5"
26;"日语生产管理-赴日研修有（佛山南海）";"4.5-6千/月";"深圳市骏楚企业管理咨询有限公司";"佛山-南海区";"1"
27;"赴日/日本酒店/免税店/翻译/总务";"1-1.5万/月";"杭州东忠科技股份有限公司";"杭州";"50"
28;"赴日软件工程师";"1.1-5.5万/月";"沈阳信商科技有限公司";"沈阳-沈河区";"50"
29;"对日软件高级工程师（有赴日工作机会）";"0.6-1万/月";"上海强辰信息技术有限公司";"武汉-洪山区";"10"
30;"赴日开发工程师";"1.5-1.8万/月";"南京迈特望科技股份有限公司";"南京";"若干"
31;"赴日软件开发工程师";"1.5-2万/月";"杭州仁卓软件有限公司";"杭州-滨江区";"若干"
32;"海外日本高级销售代表赴日销售/日语营业(职位编号：0334544)";"0.5-1万/月";"惠州市威普科技有限公司";"惠州";"1"
33;"（赴日）焊接夹具设计工程师";"4-8千/月";"昆山富工智能装备有限公司";"昆山";"1"
34;"赴日BSE/软件开发工程师";"1-1.5万/月";"大连和众信拓科技有限公司";"大连";"5"
35;"赴日销售代表(日语）(职位编号：005)";"6-8千/月";"浙江春芽科技有限公司";"杭州-西湖区";"10"
36;"赴日就业项目经理/主管";"0.8-1.5万/月";"未名天（北京）教育科技有限公司";"北京";"1"
37;"赴日C/C++软件工程师";"1.3-1.8万/月";"慧俊信息科技（上海）有限公司";"上海-静安区";"10"
38;"长期赴日出差工作人员（无需语言要求）(职位编号：66)";"1-1.5万/月";"文雅（大连）留学咨询有限公司";"大连-沙河口区";"若干"
39;"赴日JAVA软件工程师（长期赴日）";"2-4万/月";"大连创盛科技有限公司";"大连-高新园区";"若干"
40;"赴日工程师";"1-1.5万/月";"大连运易科技有限公司";"大连";"5"
41;"赴日IT";"1.5-3万/月";"创译科技（大连）有限公司";"大连-高新园区";"10"
42;"短期日语翻译赴日(编号99830) 日语必须";"5-8千/月";"上海艾杰飞人力资源有限公司";"常熟";"3"
43;"介护组长（赴日方向）";"1-1.5万/月";"成都和思康健投资管理有限公司";"成都-温江区";"若干"
44;"赴日工签（电子电气设计，日语N3相当）";"1.5-2万/月";"大宇宙设计开发（大连）有限公司";"大连-高新园区";"20"
45;"对日开发工程（赴日预备,日语必须）";"3-4.5千/月";"上海敏杰软件有限公司";"上海";"若干"
46;"赴日RPG软件开发工程师";"4.5-6千/月";"大连协泰科技有限公司";"大连-高新园区";"若干"
47;"赴日本缝纫女工数名";"1.5千以下/月";"青岛博力源商贸有限公司";"青岛-崂山区";"20"
48;"赴日精密体检客服经理";"0.8-1万/月";"株式会社日本悠兰";"苏州-工业园区";"1"
49;"嵌入式开发 赴日工作";"1-1.5万/月";"大连众卓云科技服务有限公司";"大连-沙河口区";"2"
50;"赴日java，net，php，sql软件工程师（出差）大连";"2.5-3万/月";"多奥科技（大连）有限公司";"大连";"若干"
51;"赴日JAVA,PHP 嵌入式开发工程师（出差）大连";"1.5-2万/月";"大连华赢通信工程技术服务有限公司";"大连-高新园区";"若干"
52;"赴日_软件工程师（日本）";"1.5-2万/月";"善诚科技发展（上海）有限公司合肥分公司";"合肥";"10"
53;"赴日日语Java开发工程师";"1-3万/月";"上海熠鸿信息技术有限公司";"上海";"20"
54;"赴日技术人才储备（树脂模具）";"3-4.5千/月";"松尾（天津）电子有限公司";"天津-西青区";"2"
55;"赴日软件工程师";"0.6-1.5万/月";"杭州网新新思软件有限公司";"杭州-拱墅区";"10"
56;"赴日软件工程师";"1-1.5万/月";"大连佰思特信息技术有限公司";"大连";"若干"
57;"日语/汽车/外装设计工程师/赴日培训";"1-1.5万/月";"半渡（上海）实业有限公司";"上海";"1"
58;"直招赴日IT技术者";"2-4万/月";"株式会社BCL中国分社";"济南";"10"
59;"高薪，长期赴日出差软件工程师JAVA";"2.5-3万/月";"大连华小讯科技有限公司";"大连-西岗区";"100"
60;"赴日java开发工程师";"1.5-3万/月";"浪潮世科有限公司";"济南";"5"
61;"COBOL开发（长期赴日出差冲绳）";"1.5-2.5万/月";"大连华信计算机技术股份有限公司";"大连";"10"
62;"赴日软件开发工程师（日语必须）(职位编号：879689)";"17-40万/年";"宏图瀛通（广州）人力资源有限公司";"广州";"5"
63;"赴日软件工程师";"1-1.5万/月";"青岛富佳智能科技有限公司";"青岛-黄岛区";"5"
64;"赴日长期出差软件工程师（PG、SE）(职位编号：B001)";"2-2.5万/月";"大连馨天地科技有限公司";"大连-高新园区";"若干"
65;"赴日软件工程师";"1.5-4万/月";"杭州智虎信息科技有限公司";"大连";"10"
66;"聘赴日工作月薪1.3万元";"1-1.5万/月";"重庆天泽出国信息咨询有限公司";"重庆-江北区";"若干"
67;"赴日本介护研修项目";"0.8-1万/月";"辽宁欧美亚经济技术合作有限公司";"沈阳-皇姑区";"40"
68;"健身房门店店员";"5.2-6千/月";"活悦健身咨询（上海）有限公司";"上海-闵行区";"1"
69;"设计担当（2019届应届毕业生）";"4.5-6千/月";"广州斯坦雷电气有限公司";"广州-黄埔区";"若干"
70;"知名日企招聘人事担当（日语）(职位编号：3281)";"4.5-6千/月";"天津市甄智协尔企业管理咨询有限公司";"天津";"1"
71;"美容师学徒";"6-8千/月";"北京昌硕信息技术有限公司";"贵阳";"4"
72;"樱花国际日语-日本留学顾问";"0.8-1万/月";"北京樱花国际日语";"北京-朝阳区";"2"
73;"营销客服";"4.5-6千/月";"魅仕坊（上海）互联网科技有限公司";"上海-静安区";"若干"
74;"结构工程师";"0.6-1万/月";"上海森叶建筑设计有限公司";"上海-浦东新区";"6"
75;"货代销售/提成+五险一金+年底双薪";"4-8千/月";"上海永龙宝国际货物运输代理有限公司深圳分公司";"杭州-下城区";"10"
76;"嵌入式软件工程师";"0.8-1.2万/月";"雅伟士软件技术（福州）有限公司";"福州";"1"
77;"BrSE";"1.5-2万/月";"北京日立北工大信息系统有限公司";"北京-朝阳区";"1"
78;"咨询顾问";"4-5千/月";"西安英兆软件信息有限责任公司";"西安-高新技术产业开发区";"5"
79;"咨询顾问";"4-7千/月";"北京美扩教育咨询有限公司";"西安-长安区";"1"
80;"西餐服务员（工联大厦）";"4.5-6千/月";"无印良品（上海）商业有限公司";"杭州-上城区";"若干"
81;"营业担当/销售";"0.8-1.5万/月";"日世（中国）投资有限公司";"武汉";"2"
82;"博多一幸舍餐厅 服务员";"3-4.5千/月";"广州市一幸舍餐饮有限公司";"广州-天河区";"5"
83;"对日软件开发PM";"0.8-1万/月";"大连山腾科技有限公司";"大连-高新园区";"3"
84;"对日软件工程师（有经验者）(职位编号：002)";"1-1.5万/月";"旭本软件（上海）有限公司";"上海-长宁区";"3"
85;"电气软件工程师";"8-10万/年";"上海村研控制工程有限公司";"上海-静安区";"2"
86;"日语教师";"4.5-6千/月";"大连通远对外劳务合作有限公司";"大连";"若干"
87;"研发助理工程师";"10-20万/年";"京上贸易（上海）有限公司";"上海-宝山区";"3"
88;"销售代表";"3.5-5千/月";"陕西四达全轴承有限公司";"武汉-武昌区";"2"
89;"销售代表";"3.5-5千/月";"陕西四达全轴承有限公司";"兰州";"2"
90;"咨询顾问助理（咨询师助理）";"1-1.5万/月";"邦捷管理咨询（上海）有限公司";"上海-静安区";"3"
91;"储备店长";"3.8-4千/月";"泉盛餐饮（上海）有限公司";"烟台";"3"
92;"日语助理";"6-8千/月";"深圳后象装饰设计工程有限公司湖北分公司";"武汉-武昌区";"2"
93;"销售总监";"1-2万/月";"花馨化妆品（上海）有限公司";"上海-黄浦区";"1"
94;"日语老师";"0.6-1万/月";"广州市晟卓软件科技有限责任公司";"广州-番禺区";"1"
95;"对日/日本项目软件开发工程师/JAVA/前端/.NET/COBOL";"0.4-1万/月";"江苏海隆软件技术有限公司";"南京-鼓楼区";"若干"
96;"技术人员";"4.5-6千/月";"爱发科真空技术（苏州）有限公司";"苏州-工业园区";"2"
97;"日语文员";"3.9-4.6万/年";"河村图文设计（大连）有限公司武汉分公司";"武汉";"11"
98;"糕点研发(职位编号：003)";"1-1.5万/月";"北京京日东大食品有限公司";"北京-顺义区";"1"
99;"日语财务BPO";"4.5-6千/月";"大连东康信息服务有限公司";"大连-高新园区";"若干"
100;"对日C/C++嵌入式软件工程师";"0.8-1.5万/月";"上海裕日软件有限公司";"上海-浦东新区";"3"
101;"营业担当助理(日语)";"3-4.5千/月";"苏州博屋商务服务有限公司";"苏州-高新区";"2"
102;"CAD工程师";"4.5-6千/月";"神府贸易（上海）有限公司";"上海";"2"
103;"日语BPO转IT方向（对日项目）";"4.5-6千/月";"大连东软睿道教育信息服务有限公司";"大连";"5"
104;"SE-大连软件园";"0.8-1万/月";"大连瑞林咨询有限公司";"大连-高新园区";"若干"
105;"机械研发主管";"0.8-1万/月";"广州泽盛机电设备有限公司";"广州";"1"
106;"酒店前台翻译";"1-1.5万/月";"辽宁政通对外劳务经济合作有限公司";"沈阳-沈河区";"50"
107;"JINS眼镜导购/储备干部/加工/验光 （上海太平洋百货）";"4-5万/年";"睛姿商贸（上海）有限公司";"上海-徐汇区";"5"
108;"日语销售/外贸业务员";"3-4.5千/月";"武汉汇朗国际贸易有限公司";"武汉-江汉区";"3"
109;"测试工程师(职位编号：784312348515852)";"0.8-1万/月";"文思海辉技术有限公司Pactera Technology International Limited";"上海";"5"
110;"海外拓展经理";"1-1.5万/月";"沈阳政通佳益教育咨询有限公司";"沈阳-沈河区";"50"
111;"急聘C语言开发工程师";"0.8-1万/月";"威英软件（上海）有限公司";"上海-徐汇区";"若干"
112;"(ID67479) 眼镜导购/储备干部";"4-6千/月";"上海任仕达人才服务有限公司";"上海";"若干"
113;"日本语言学院中文老师";"1.2-1.5万/月";"武汉优德科林教育咨询有限公司";"武汉-洪山区";"若干"
114;"机械销售代表 五险一金 双休";"6-12万/年";"南京昭凌精密机械有限公司";"南京-浦口区";"4"
115;"课程销售顾问";"4.5-9千/月";"ABC Cooking Studio";"杭州-下城区";"5"
116;"烘焙工作室顾问";"0.4-1万/月";"艾宝食餐饮管理（上海）有限公司北京朝阳分公司";"北京-朝阳区";"若干"
117;"日本留学咨询顾问";"0.8-1.2万/月";"北京市朝阳区千之叶外国语培训学校";"北京-朝阳区";"4"
118;"日式美发沙龙诚征发型师";"6-8千/月";"Resort Tokyo Hair Salons";"广州-天河区";"若干"
119;"15K+日本留学顾问（深圳）";"10-15万/年";"深圳新世界进修中心";"深圳-福田区";"2"
120;"日语（英语）旅游咨询顾问";"0.6-1万/月";"深圳市樱吉尔国际教育咨询有限公司";"深圳-福田区";"若干"
121;"全职日语教师";"4.5-6千/月";"江苏宏扬秉义教育科技有限公司";"安徽省";"3"
122;"项目经理";"1.3-1.9万/月";"大连必捷必信息技术有限公司";"大连-高新园区";"1"
123;"日本工签   日语营业担当";"0.8-1万/月";"大连新翔教育咨询有限公司";"大连-沙河口区";"20"
124;"日语翻译";"6-8千/月";"希姆通信息技术（上海）有限公司";"上海-长宁区";"1"
125;"电话（网络）招聘专员";"3-8千/月";"大连九鼎联合科技有限公司";"大连";"5"
126;"日本工签    日语营业担当";"1.5-2万/月";"大连新翔教育咨询有限公司";"大连-沙河口区";"10"
127;"对日JAVA软件工程师";"0.7-1.5万/月";"上海新致晟欧软件技术有限公司";"上海-浦东新区";"若干"
128;"对日建筑BIM制图员";"6-8千/月";"大连�]洋设计有限公司";"大连";"若干"
129;"日语翻译";"6-8千/月";"昊佰电子科技（上海）有限公司";"上海-青浦区";"1"
130;"店员/导购（ 福州）";"3.2-3.6千/月";"上海萨莉亚餐饮有限公司";"福州";"5"
131;"对日建筑CAD（钢结构）";"4-6千/月";"大连精石科技有限公司";"大连-中山区";"若干"
132;"日本工作签证--综合销售岗位";"0.8-1.3万/月";"大连新翔教育咨询有限公司";"大连-沙河口区";"10"
133;"对日业务主管/行政事务管理";"9-18万/年";"上海诚美化妆品有限公司";"上海-闵行区";"1"
134;"电商运营专员（日本）";"1-1.5万/月";"上海阿乐乐可工业设计有限公司";"上海";"1"
135;"艺术教育培训业务员（代招）";"0.3-1万/月";"重庆集呐网络科技有限公司";"重庆-渝中区";"若干"
136;"工装夹具设计工程师";"0.5-1万/月";"武汉科姆斯科技有限公司";"武汉-蔡甸区";"1"
137;"2019届对日软件开发实习生";"3-4.5千/月";"无锡智明创发软件有限公司";"无锡";"若干"
138;"高级软件开发工程师（需出差）";"1.2-3.5万/月";"沈阳探路者科技有限公司";"沈阳-铁西区";"20"
139;"逆变器（电机控制器）软件工程师(FAE)";"0.8-1万/月";"武汉光庭信息技术股份有限公司";"武汉";"1"
140;"助理翻译";"4-8千/月";"大连现代高技术集团有限公司";"大连";"1"
141;"销售经理（日本市场）";"0.8-1.2万/月";"上海美瑞实业有限公司";"上海-松江区";"1"
142;"店员/导购（上海）";"3.9-4.6千/月";"外婆家餐饮集团有限公司";"上海";"5"
143;"对日软件工程师";"0.8-1万/月";"大连铭信科技发展有限公司";"大连-高新园区";"5"
144;"物流担当（天津）";"4.5-6千/月";"同方环球（天津）物流有限公司";"天津-滨海新区";"2"
145;"日语担当";"3-6千/月";"南通桑原纺织品检验有限公司";"无锡-惠山区";"1"
146;"市场推广专员（底薪3500+高提成+五险）(职位编号：3)";"6-8千/月";"武汉天空树文化交流有限公司";"武汉-洪山区";"3"
147;"烘焙工作室运营员工";"4.5-6千/月";"河南引尚资商贸有限公司";"郑州-金水区";"若干"
148;"境外事务管理/外联专员/经理助理";"4-8千/月";"浙江中辉煌投资发展有限公司";"杭州";"1"
149;"日语RPA";"1-1.8万/月";"艾宾信息技术开发（上海）有限公司";"上海";"1"
150;"美容师";"2.5-8千/月";"深圳市唯姿贸易有限公司";"广州-番禺区";"若干"
151;"日本留学咨询顾问";"4.5-8千/月";"上海尚普信息咨询有限公司";"上海-普陀区";"3"
152;"店员/营业员/导购（COCODEAL 日系女装 ）";"0.5-1.2万/月";"露妮商贸（上海）有限公司";"上海-徐汇区";"若干"
153;"宠物用品销售";"6-8千/月";"真萌健身管理（上海）有限公司";"上海-黄浦区";"若干"
154;"日本业务经理";"6-8千/月";"仙贝咨询（大连）有限公司";"大连-高新园区";"1"
155;"对日软件工程师（C语言）";"4-6千/月";"济南讯和信息技术有限公司";"济南-高新区";"2"
156;"网络日语教师";"3.5-5千/月";"大连信业达职业培训学校";"大连-甘井子区";"3"
157;"新项目-人事BPO";"5-8千/月";"益德穿梭科技（大连）有限公司";"大连";"5"
158;"美容咨询顾问  8K（会日语）(职位编号：NC180725)";"5-8千/月";"上海恒封密封制品有限公司";"上海";"若干"
159;"日语本地化游戏制作人";"2-3万/月";"上海东方明珠迪尔希文化传媒有限公司";"上海-杨浦区";"若干"
160;"SAP项目Leader（SD/MM）";"1-1.5万/月";"野村综研（北京）系统集成有限公司";"大连";"1"
161;"日语翻译及跟单";"6-8千/月";"汉世（杭州）品牌管理有限公司";"杭州-江干区";"若干"
162;"高薪 日语/日文项目Leader";"1-1.5万/月";"方正宽带网络服务有限公司大连分公司";"大连-高新园区";"1"
163;"日语/日语翻译/日本/电器店/温泉酒店/机场";"1-1.5万/月";"辽宁语嫣商务信息咨询有限公司";"成都-锦江区";"5"
164;"15薪/SAP项目Leader/高级经理";"1-1.5万/月";"大连阿甘科技有限公司";"大连";"2"
165;"对日软件开发工程师";"2-2.5万/月";"创未科技（大连）有限公司网络分公司";"大连-高新园区";"5"
166;"Java开发工程师";"0.6-1.5万/月";"江苏润和软件股份有限公司";"西安";"若干"
167;"体系工程师(职位编号：1)";"6-8千/月";"宁波信远工业集团有限公司";"宁波-江北区";"2"
168;"丸龟制面---店经理";"7-9千/月";"上海东利多餐饮管理有限公司";"广州";"2"
169;"总经理秘书（日语）";"0.6-1.2万/月";"上海瀚威酩轩文化传播有限公司";"上海-静安区";"若干"
170;"高级招聘专员";"4-8千/月";"富士软件科技（山东）有限公司杭州分公司";"济南-高新区";"2"
171;"厨房切配（胡庆余堂药膳餐厅近江新店）";"3-4.5千/月";"杭州胡庆余堂国药号有限公司";"杭州";"3"
172;"对日JAVA软件开发";"0.9-1.6万/月";"北京起鹏科技发展有限公司";"天津-南开区";"5"
173;"日语老师";"3-4.5千/月";"吉林海天国际劳务合作有限公司";"长春-宽城区";"若干"
174;"美容店长";"0.8-1.5万/月";"上海凯拉美容咨询有限公司";"北京-朝阳区";"1"
175;"C/.NET语言软件工程师";"6-8千/月";"讯和创新科技（北京）有限公司";"北京-海淀区";"若干"
176;"管理部部长/人事部长";"1.3-1.5万/月";"天田国际工贸（上海）有限公司";"上海-青浦区";"1"
177;"车载信息娱乐系统开发工程师";"1-1.5万/月";"上海宝宏软件有限公司";"上海";"5"
178;"销售";"4.5-6千/月";"重庆四达全轴承有限责任公司";"重庆-沙坪坝区";"4"
179;"对日软件工程师BSE";"1-1.5万/月";"迈思腾科技（武汉）有限公司";"武汉";"3"
180;"Java中级开发工程师";"0.6-1.5万/月";"长春斯纳欧软件有限公司";"长春";"6"
181;"专员";"4.5-9千/月";"爱发科豪威光电薄膜科技（深圳）有限公司";"深圳-龙华新区";"若干"
182;"营业担当";"4.5-6千/月";"广州芝丘自动化控制设备有限公司";"广州-南沙区";"1"
183;"助理工程师（品质）";"3-4.5千/月";"广州科盈化妆品有限公司";"广州";"5"
184;"软件工程师Java/dotNet(日本出差）";"1.5-3万/月";"大连高仕科技有限公司";"大连-沙河口区";"若干"
185;"总务相关（英语、日语）";"6-8千/月";"滨松光子学商贸（中国）有限公司";"北京";"1"
186;"美容店长";"2-2.5万/月";"大连元智大宗商品贸易有限公司";"大连-中山区";"2"
187;"日语翻译";"4.5-6千/月";"天津科力奥尔工程材料技术有限公司";"天津-南开区";"1"
188;"日语BPO/旅游产品上架/订单处理";"3-5千/月";"北京欧思贝科技有限公司";"济南";"2"
189;"CAD绘图员";"4-6千/月";"艾博科建筑设备设计（深圳）有限公司";"深圳-宝安区";"10"
190;"翻译";"4.5-6千/月";"新纶复合材料科技（常州）有限公司";"常州";"1"
191;"j建筑设计师";"1-1.5万/月";"大连树源科技集团有限公司";"大连";"1"
192;"日本留学咨询顾问";"4-6千/月";"成都一心町教育咨询有限公司";"成都-高新区";"1"
193;"高级软件工程师（日本长期出差）(职位编号：DSL001)";"2-4万/月";"大连赛羚科技有限公司";"大连";"若干"
194;"对日BPO（应届生）";"4-5千/月";"大连成信科技有限公司";"大连-高新园区";"10"
195;"Java，C，.Net软件工程师";"1.5-3万/月";"大连竹易教育科技有限公司";"成都";"若干"
196;"日语教师";"0.3-1万/月";"平成国际教育";"沈阳-沈河区";"若干"
197;"客服专员";"4.5-6千/月";"幸运草电子商务（苏州）有限公司";"苏州-工业园区";"5"
198;"人事助理（会日语）";"4.5-6千/月";"上海威洛工业泵有限公司";"上海";"1"
199;"海外出差的软件开发人员";"1-1.5万/月";"海南纽康信息系统有限公司";"海口";"若干"
200;"日语实习汉语学校前台(职位编号：8)";"2-5千/月";"上海远惠文化传播有限公司";"上海-长宁区";"3"
201;"日语营业助理/软件客户专员";"6-8千/月";"才望子信息技术（上海）有限公司";"上海-长宁区";"1"
202;"国际票务操作专员";"6-8千/月";"北京东游国际旅行社有限公司";"北京-朝阳区";"1"
203;"日语翻译";"6-9千/月";"北京盛诺一家医院管理咨询有限公司";"北京";"2"
204;"转向器技术部-技术担当-日语无锡";"6-8千/月";"上海提浜克企业管理有限公司";"无锡-无锡新区";"1"
205;"美容（美体）师";"5-8千/月";"诗纾雅（上海）美容企业管理有限公司";"深圳-南山区";"4"
206;"日语翻译";"6-8千/月";"牧田（中国）有限公司";"昆山";"2"
207;"Android开发工程师 长期出差(职位编号：005)";"1-3万/月";"西安未都网络科技有限公司";"西安-高新技术产业开发区";"若干"
208;"业务支持（日语）（应届生）";"3-4.5千/月";"松下信息系�y（上海）有限公司";"无锡";"5"
209;"J-Field集团线上对外汉语教师";"30元/小时";"西安交大国际汉语教师西北考试中心";"西安-雁塔区";"10"
210;"日本工签――温泉酒店前台接待年收15万左右）";"1-1.5万/月";"大连新翔教育咨询有限公司";"大连";"20"
211;"广报担当";"6-8千/月";"捷太格特（中国）投资有限公司";"上海-长宁区";"若干"
212;"日语翻译";"3-6千/月";"杭州优灿科技有限公司";"杭州-滨江区";"30"
213;"区域销售总监/销售总监";"6-8千/月";"上海网云信息咨询有限公司";"上海-黄浦区";"若干"
214;"化工实验室技术员（日语）";"5.5-8千/月";"上村化学（上海）有限公司";"苏州-高新区";"1"
215;"日语翻译";"1-1.5万/月";"华峰集团有限公司";"上海-金山区";"1"
216;"担当助理";"3.7-6千/月";"南通优格贸易有限公司";"南通";"5"
217;"护士、护士长(职位编号：yk007)";"3-6千/月";"大连怡康福祉实业有限公司";"大连-中山区";"2"
218;"项目主管（PL）";"1-1.5万/月";"杭州冈山信息科技有限公司";"杭州-滨江区";"2"
219;"招聘对日业务担当";"6-8千/月";"青岛知行国际经济技术合作有限公司";"青岛-城阳区";"3"
220;"软件开发工程师（长期日本出差）";"1.5-3万/月";"大连赛伯信息技术有限公司";"大连";"若干"
221;"日本职业规划师";"4.5-6千/月";"沈阳新干线外国语培训学校";"广州-天河区";"5"
222;"知名日企-销售代表";"5-7千/月";"中智成都签证服务有限公司";"成都";"1"
223;"对日Java开发工程师";"6-8千/月";"智捷融汇（大连）科技有限公司";"大连";"若干"
224;"长期出差日本做开发工作";"1.5-2万/月";"大连久乐科技有限公司";"大连-高新园区";"20"
225;"日语翻译/日语人员";"4.5-9千/月";"广东华智科技有限公司";"广州-黄埔区";"2"
226;"销售工程师";"5-8千/月";"纪州喷码技术（上海）有限公司";"厦门";"若干"
227;"Java高级开发工程师（公积金双休）";"0.8-1.5万/月";"奥奈斯特（宁波）软件技术有限公司";"宁波-鄞州区";"2"
228;"青岛华钟制药有限公司";"3-4.5千/月";"青岛华钟制药有限公司";"青岛-市北区";"若干"
229;"日语翻译-免税店、电信公司、温泉酒店";"1-1.5万/月";"新郑花水木日韩通翻译服务有限公司";"郑州";"20"
230;"日式养老机构介护士";"4.5-6千/月";"广州爱知养老服务有限公司";"中山";"5"
231;"软件工程师  PG / SE / PL / PM(职位编号：999)";"0.3-1.2万/月";"沈阳无限软件开发有限公司";"沈阳";"3"
232;"BPO业务课长";"6-8千/月";"大连合盛信息技术有限公司";"大连-沙河口区";"1"
233;"日本事业部海外驻在员";"4.5-6千/月";"青岛环太出国人员培训学校";"青岛-市南区";"1"
234;"运营岗（需具备日语能力）";"1-1.5万/月";"复星集团健康控股";"上海-徐汇区";"1"
235;"日本各地大型连锁酒店、温泉酒店";"1-1.5万/月";"辽宁华裕境外就业服务有限公司";"沈阳";"若干"
236;"免税店正社员诚聘";"1.5千以下/月";"大连新翔教育咨询有限公司";"大连-沙河口区";"20"
237;"式样";"0.8-1万/月";"商泰软件（上海）有限公司";"上海";"1"
238;"软件工程师（日）";"1-1.5万/月";"大连信兴信息技术有限公司";"大连-高新园区";"10"
239;"对日BPO专员 leader候补";"5-8千/月";"大连信维科技有限公司";"大连";"2"
240;"网络工程师";"4.5-6千/月";"富士软件科技（山东）有限公司";"济南-高新区";"3"
241;"日本（翻译、肋理、文职、销售、酒店）";"1-1.5万/月";"成都世宗学堂教育咨询有限责任公司";"成都-锦江区";"若干"
242;"IT日语助理";"4.5-6千/月";"永旺（中国）投资有限公司";"北京-朝阳区";"若干"
243;"会所经理";"2-2.5万/月";"苏州皇尚健康咨询管理有限公司";"苏州-工业园区";"4"
244;"招聘日语教师";"1-1.5万/月";"北京横竖科技经济交流中心";"北京-朝阳区";"5"
245;"应届毕业生";"4.5-6千/月";"武汉东艺建筑设计有限公司";"武汉";"20"
246;"对日软件开发工程师";"6-8千/月";"共兴达信息技术（沈阳）有限公司";"沈阳-浑南区";"若干"
247;"对日项目经理";"1-1.5万/月";"无锡斑目信息技术有限公司";"无锡";"2"
248;"（日本化检）招聘制品检品员（会日语）";"3-3.5千/月";"上海科恳检验服务有限公司青岛分公司";"青岛-崂山区";"2"
249;"商品专员";"4.5-6千/月";"上海内野贸易有限公司";"上海-长宁区";"1"
250;"日本留学咨询顾问";"6-8千/月";"上海和歌网络科技有限公司";"上海-长宁区";"若干"
251;"高薪日本介护岗位学历不限工签";"1.5-2万/月";"哈尔滨闯行天下境外就业服务有限公司";"哈尔滨";"若干"
252;"IT日语人才（日本）";"1-1.5万/月";"爱思弗耐特信息技术（大连）有限公司";"大连-沙河口区";"若干"
253;"化工工程师";"5.5-7千/月";"杭州优科豪马轮胎有限公司";"杭州-江干区";"3"
254;"营业员";"3-4.5千/月";"大连金淘人力资源有限公司";"大连";"若干"
255;"养老院介护+月薪10000+日本";"1-2万/月";"重庆环岛网络科技有限公司";"重庆-九龙坡区";"5"
256;"水性涂料研发工程师";"4.5-6千/月";"耐涂可精细化工（青岛）有限公司";"青岛-平度市";"5"
257;"测试工程师/Test case designer";"0.8-1.2万/月";"北京爱维森科技有限公司昆山分公司";"昆山";"1"
258;"联通营业厅 导购 营业员 资深 店员 上海/苏州";"6-8千/月";"天阁雅（上海）商贸有限公司";"上海-长宁区";"10"
259;"软件工程师（数学物理专业）";"3-5千/月";"长春明思软件技术有限公司";"长春-高新技术产业开发区";"20"
260;"软件开发工程师";"3-4.5千/月";"天津创方多维信息技术有限公司";"天津";"5"
261;"软件工程师（应届毕业本科生）";"4-7千/月";"南京联迪信息系统股份有限公司";"南京-建邺区";"130"
262;"高级经理助理（日语翻译）";"1.5-2万/月";"纳思达科技（大连）有限公司";"大连";"2"
263;"全日空航空公司在上海招聘空乘";"1-1.2万/月";"上海对外劳务经贸合作有限公司";"上海";"若干"
264;"日语翻译";"1-1.5万/月";"山东国立经济技术合作有限公司";"济南";"10"
265;"介护士";"1-1.5万/月";"绍泉职业教育培训服务（临泉）有限公司";"合肥-政务区";"100"
266;"Java开发实习生";"2-3千/月";"沈阳依森信息技术有限公司";"沈阳-浑南区";"8"
267;"对日BSE工程师";"1-2万/月";"河南八六三软件股份有限公司";"郑州-高新区";"2"
268;"日语猎头顾问";"4.5-6千/月";"德达人才";"大连";"1"
269;"Java对日软件工程师";"1.5-2万/月";"杭州先群科技有限公司";"杭州";"10"
270;"天河/急聘10K高级日式美甲师（高薪高福利）";"0.8-1.2万/月";"广州岭联文化传播有限公司";"广州-天河区";"5"
271;"世界500强 大和事务处理中心 日语类职位";"97元/天";"大连智科咨询顾问有限公司";"大连-西岗区";"若干"
272;"世界500强 建筑设计工程师-有CAD基础-带薪培训";"3-4.5千/月";"大连智科咨询顾问有限公司";"大连-中山区";"20"
273;"医疗体检推广";"0.8-1万/月";"上海娃塔卡商事有限公司";"上海-浦东新区";"2"
274;"对日PM";"1.5-2万/月";"大连丝路软件有限责任公司";"大连";"若干"
275;"水产养殖";"2-3千/月";"杭州千岛湖鲟龙科技股份有限公司";"杭州";"40"
276;"项目组长 出国机会(职位编号：02)";"0.6-1.2万/月";"成都仁本新动科技有限公司";"成都-高新区";"若干"
277;"销售业务助理-上海";"5-8千/月";"兰州三毛实业股份有限公司";"上海-徐汇区";"若干"
278;"Java储备实习生";"3-4.5千/月";"宣城智谷软件外包服务产业园有限公司";"宣城";"8"
279;"急聘对日BPO市场分析专员（日语）";"3-4.5千/月";"艾珂威尔信息技术服务（大连）有限公司";"大连-沙河口区";"2"
280;"C++开发工程师";"1-1.5万/月";"华尔特人才咨询（上海）有限公司";"上海";"若干"
281;"对日软件工程师";"3-4.5千/月";"黑龙江省华泰兴成信息科技有限责任公司";"哈尔滨";"5"
282;"日本总社正社员（工科日语人才）";"1-1.5万/月";"昆山朝日前程商务咨询有限公司";"昆山";"3"
283;"深圳东莞日资企业招聘普工6000";"4.5-6千/月";"东莞市共进教育咨询有限公司";"深圳-光明新区";"100"
284;"JAVA软件工程师--日本工作";"0.8-1万/月";"宏智科技（苏州）股份有限公司";"苏州-工业园区";"5"
285;"日语老师";"6-9千/月";"成都帝京教育咨询有限公司";"成都-锦江区";"3"
286;"高薪诚聘日本护士";"2-3千/月";"吉林省万洋健康养老集团有限公司";"长春-宽城区";"20"
287;"嵌入式电控开发工程师";"6-8千/月";"武汉光庭信息技术股份有限公司";"武汉";"2"
288;"日语 工程师（毕业生可）";"0.4-1万/月";"阿迩贝司机电技术（上海）有限公司";"上海-静安区";"若干"
289;"东京SK-II香奈儿化妆品店销售";"1-1.5万/月";"重庆兴贤出国咨询服务有限公司";"成都-锦江区";"若干"
290;"软件开发工程师（日本）";"1.5-2万/月";"鑫沣科技（大连）有限公司";"大连";"5"
291;"高级软件开发工程师（SEPM）";"0.5-1万/月";"恩梯梯数据（中国）信息技术有限公司长春分公司";"无锡-无锡新区";"若干"
292;"2019应届生―软件开发工程师";"3-4.5千/月";"京瓷信息系统（上海）有限公司";"上海-浦东新区";"若干"
293;"日语客户经理";"6-8千/月";"北京永达康国际旅行社有限责任公司";"北京-朝阳区";"2"
294;"Java开发工程师";"5-7千/月";"中软国际科技服务有限公司";"长沙-岳麓区";"1"
295;"新媒体运营助理";"4.5-6千/月";"上海长宁区明日进修学校";"上海-长宁区";"若干"
296;"护士/护理人员";"1-1.5万/月";"天坤国际控股集团股份有限公司";"上海-宝山区";"30"
297;"日本知名酒店集团 日语酒店前台";"1-1.5万/月";"杰泰（大连）咨询服务有限公司";"大连";"15"
298;"日本高尔夫球场招募实习生月薪1万以上";"1-1.5万/月";"沈阳翔泰教育信息咨询有限公司";"沈阳";"15"
299;"淘宝美工兼客服";"2-3千/月";"大路国际旅行社河北有限公司";"石家庄";"2"
300;"急聘对日金融项目经理（PM）";"1-1.5万/月";"上海众哲计算机科技有限公司";"上海-浦东新区";"10"
301;"日本留学文案";"3-4.5千/月";"大连通赢信息咨询有限公司";"大连";"1"
302;"日语项目leader/经理";"1.5-2万/月";"日通（大连）科技有限公司";"北京";"1"
303;"就职专员";"1.5-2万/月";"辽宁中科留学服务有限公司";"沈阳-和平区";"20"
304;"COBOL软件工程师";"0.8-1.5万/月";"北京中海创发科技有限公司";"北京-海淀区";"5"
305;"日籍日语老师***全职";"5-8千/月";"杭州鑫雅教育咨询有限公司";"杭州-上城区";"若干"
306;"销售专员(职位编号：003)";"0.7-1.2万/月";"北京汇康国际旅行社有限公司";"北京-通州区";"5"
307;"市场专员";"6-8千/月";"大连千子澳教育信息咨询有限公司";"大连-西岗区";"5"
308;"高级 Java 开发";"1-2万/月";"深圳市飞瓦科技有限公司";"深圳-南山区";"若干"
309;"环境安全担当";"3-5千/月";"南京恩梯恩精密机电有限公司";"南京-栖霞区";"2"
310;"实验技术担当（应届可）";"5-9千/月";"广东银通汇投资有限公司";"广州";"1"
311;"客服专员";"2-3千/月";"大连悠游国际医疗健康管理有限公司";"大连";"若干"
312;"销售担当";"6-8千/月";"邦驻（上海）停车场管理有限公司";"上海-浦东新区";"1"
313;"软件测试工程师";"3-4.5千/月";"大连思腾软件有限公司";"大连-西岗区";"20"
314;"机械设计工程师";"3.5-5千/月";"中日龙（襄阳）机电技术开发有限公司";"襄阳";"2"
315;"日语老师";"4-7千/月";"荆州雅思英语学校";"荆门";"3"
316;"日语翻译";"10-15万/年";"上海暨达国际贸易有限公司";"上海-闵行区";"1"
317;"资深教育顾问";"0.8-1.5万/月";"上海美扩信息科技有限公司";"上海-黄浦区";"2"
318;"日语翻译";"3.5-5千/月";"浙江盾安人工环境股份有限公司";"绍兴";"1"
319;"日企服务岗位实习(职位编号：010)";"0.8-1万/月";"西安艾德凯森教育信息咨询服务有限公司";"西安-长安区";"30"
320;"赴日软件工程师（日本）";"1.5-3万/年";"山东华和软件有限公司";"上海";"20"
321;"(日本知名上市公司)Java软件工程师（赴日）-JP2912";"30-40万/年";"大连博科人才有限公司";"大连";"3"
322;"赴日硬件设计或半导体设计工程师(无中介费)";"1.5-2万/月";"上海万谷境外就业服务有限公司";"上海";"若干"
323;"软件开发工程师助理应届可实习";"2-5千/月";"大连瑞时软件有限公司";"大连";"若干"
324;"埃森哲BPO项目（日语）";"4.5-6.5千/月";"埃森哲（中国）有限公司";"大连-高新园区";"10"
325;"日语或英语技术服务工程师（知名企业，福利好）";"1-1.5万/月";"上海日弘企业管理咨询有限公司";"成都";"1"
326;"赴日机械设计制造高级工程师（长期出差）";"2-4万/月";"伙伴（大连）信息技术有限公司";"大连";"若干"
327;"应届赴日日本工作理科（长期出差）";"1-1.5万/月";"伙伴（大连）信息技术有限公司";"大连";"若干"
328;"赴日计算机软件开发高级工程师（长期出差）";"3-5万/月";"伙伴（大连）信息技术有限公司";"大连";"若干"
329;"赴日文科人文国际长期日本出差工作";"1.5-3万/月";"伙伴（大连）信息技术有限公司";"大连";"若干"
330;"赴日安卓软件开发";"1.5-3万/月";"大连维思创新科技有限公司";"大连";"5"
331;"赴日安卓软件开发";"1.5-3万/月";"大连维思创新科技有限公司";"大连";"5"
332;"赴日安卓软件开发";"1.5-3万/月";"大连维思创新科技有限公司";"大连";"5"
333;"赴日安卓软件开发";"1.5-3万/月";"大连维思创新科技有限公司";"大连";"5"
334;"赴日java软件开发工程师";"1.5-3万/月";"大连维思创新科技有限公司";"大连";"5"
335;"赴日java软件开发工程师";"1.5-3万/月";"大连维思创新科技有限公司";"大连";"5"
336;"赴日java软件开发工程师";"1.5-3万/月";"大连维思创新科技有限公司";"大连";"5"
337;"赴日java软件开发工程师";"1.5-3万/月";"大连维思创新科技有限公司";"大连";"5"
338;"赴日java软件开发工程师";"1.5-3万/月";"大连维思创新科技有限公司";"大连";"5"
339;"赴日java软件开发工程师";"1.5-3万/月";"大连维思创新科技有限公司";"大连";"5"
340;"赴日java软件开发工程师";"1.5-3万/月";"大连维思创新科技有限公司";"大连";"5"
341;"赴日java软件开发工程师";"1.5-3万/月";"大连维思创新科技有限公司";"大连";"5"
342;"赴日java软件开发工程师";"1.5-3万/月";"大连维思创新科技有限公司";"大连";"5"
343;"赴日java软件开发工程师";"1.5-3万/月";"大连维思创新科技有限公司";"大连";"5"
344;"赴日java软件开发工程师";"1.5-3万/月";"大连维思创新科技有限公司";"大连";"5"
345;"赴日安卓软件开发";"1.5-3万/月";"大连维思创新科技有限公司";"大连";"5"
346;"赴日安卓软件开发";"1.5-3万/月";"大连维思创新科技有限公司";"大连";"5"
347;"赴日安卓软件开发";"1.5-3万/月";"大连维思创新科技有限公司";"大连";"5"
348;"赴日_汽车设计工程师（J26）";"1-1.5万/月";"善诚科技发展（上海）有限公司";"大连";"20"
349;"赴日_汽车设计工程师（J26）";"1-1.5万/月";"善诚科技发展（上海）有限公司";"上海";"若干"
350;"赴日java软件工程师（长期出差）(职位编号：0005)";"5-6万/年";"大连艾普迪科技有限公司";"大连";"若干"
351;"赴日软件开发工程师";"1.5-4万/月";"日立解决方案（中国）有限公司";"沈阳";"若干"
352;"赴日软件开发工程师";"1.5-4万/月";"日立解决方案（中国）有限公司";"上海";"若干"
353;"赴日软件开发工程师";"1.5-4万/月";"日立解决方案（中国）有限公司";"大连";"若干"
354;"对日软件工程师（有赴日工作机会）";"1-3万/月";"上海强辰信息技术有限公司";"上海";"若干"
355;"（赴日）焊接夹具设计工程师";"4-8千/月";"昆山富工智能装备有限公司";"昆山";"1"
356;"赴日软件工程师";"1-1.5万/月";"慧俊信息科技（上海）有限公司";"上海-静安区";"5"
357;"营业担当（赴日）";"1-1.5万/月";"大连创盛科技有限公司";"大连-高新园区";"2"
358;"赴日IT";"1.5-3万/月";"创译科技（大连）有限公司";"大连-高新园区";"10"
359;"日语网络工程师（赴日）";"1.4-3万/月";"创译科技（大连）有限公司";"大连-高新园区";"99"
360;"日语网络工程师（赴日）";"1.4-3万/月";"创译科技（大连）有限公司";"大连-高新园区";"99"
361;"赴日介护 （人才储备）";"1-1.5万/月";"成都和思康健投资管理有限公司";"成都-温江区";"若干"
362;"赴日工签（机械设计，日语N3相当）";"1.5-2万/月";"大宇宙设计开发（大连）有限公司";"大连-高新园区";"20"
363;"php程序员开发软件高级工程师赴日本长期出差";"3-6万/月";"伙伴（大连）信息技术有限公司";"大连-高新园区";"若干"
364;"赴日日语Java开发工程师";"1-3万/月";"上海熠鸿信息技术有限公司";"上海";"20"
365;"赴日日语Java开发工程师";"1-3万/月";"上海熠鸿信息技术有限公司";"上海";"20"
366;"赴日技术人才储备（冲压成型）";"3-4.5千/月";"松尾（天津）电子有限公司";"天津-西青区";"2"
367;"汽车内饰设计(赴日研修有）(G7)";"6-8千/月";"善诚科技发展（上海）有限公司";"广州";"2"
368;"日语/汽车/电路工程师/设计工程师/赴日培训";"1-1.5万/月";"半渡（上海）实业有限公司";"上海";"1"
369;"赴日SAP软件工程师（长期赴日）";"2-4万/月";"大连创盛科技有限公司";"大连-高新园区";"若干"
370;"赴日本软件工程师";"1.5-4万/月";"北京核心软件有限公司";"北京-朝阳区";"若干"
371;"赴日本软件工程师";"1.5-4万/月";"北京核心软件有限公司";"北京-朝阳区";"若干"
372;"RPG开发（长期赴日出差冲绳）";"1.5-2.5万/月";"大连华信计算机技术股份有限公司";"大连";"20"
373;"COBOL开发（长期赴日出差冲绳）";"1.5-3万/月";"大连华信计算机技术股份有限公司";"大连-高新园区";"12"
374;"RPG开发（长期赴日出差）";"1.5-3万/月";"大连华信计算机技术股份有限公司";"大连-高新园区";"5"
375;"赴日本介护研修项目";"0.8-1万/月";"辽宁欧美亚经济技术合作有限公司";"沈阳-皇姑区";"40"
376;"赴日本介护研修项目";"0.8-1万/月";"辽宁欧美亚经济技术合作有限公司";"沈阳-皇姑区";"40"
377;"赴日本介护研修项目";"0.8-1万/月";"辽宁欧美亚经济技术合作有限公司";"沈阳-皇姑区";"40"
378;"赴日本介护研修项目";"0.8-1万/月";"辽宁欧美亚经济技术合作有限公司";"沈阳-皇姑区";"40"
379;"赴日本介护研修项目";"0.8-1万/月";"辽宁欧美亚经济技术合作有限公司";"沈阳-皇姑区";"40"
380;"赴日本介护研修项目";"0.8-1万/月";"辽宁欧美亚经济技术合作有限公司";"沈阳-皇姑区";"40"
381;"赴日本介护研修项目";"0.8-1万/月";"辽宁欧美亚经济技术合作有限公司";"沈阳-皇姑区";"40"
382;"赴日本介护研修项目";"0.8-1万/月";"辽宁欧美亚经济技术合作有限公司";"沈阳-皇姑区";"40"
383;"赴日本介护研修项目";"0.8-1万/月";"辽宁欧美亚经济技术合作有限公司";"沈阳-皇姑区";"40"
384;"赴日本介护研修项目";"0.8-1万/月";"辽宁欧美亚经济技术合作有限公司";"沈阳-皇姑区";"40"
385;"赴日本介护研修项目";"0.8-1万/月";"辽宁欧美亚经济技术合作有限公司";"沈阳-皇姑区";"40"
386;"赴日本介护研修项目";"0.8-1万/月";"辽宁欧美亚经济技术合作有限公司";"沈阳-皇姑区";"40"
387;"赴日本介护研修项目";"0.8-1万/月";"辽宁欧美亚经济技术合作有限公司";"沈阳-皇姑区";"40"
388;"赴日本介护研修项目";"0.8-1万/月";"辽宁欧美亚经济技术合作有限公司";"沈阳-皇姑区";"40"
389;"海外事业部--业务专员/经理";"4-6千/月";"青岛三诚国际经济技术合作有限公司";"青岛-黄岛区";"2"
390;"安全担当（18届应届毕业生）";"3-4.5千/月";"广州斯坦雷电气有限公司";"广州-黄埔区";"1"
391;"销售/销售代表/销售人员/物流销售/业务员";"4-8千/月";"上海永龙宝国际货物运输代理有限公司深圳分公司";"上海-闵行区";"10"
392;"货代销售/业务员/物流销售/客户代表";"4-8千/月";"上海永龙宝国际货物运输代理有限公司深圳分公司";"上海-闵行区";"6"
393;"销售代表(深圳龙华)";"0.4-1.2万/月";"上海永龙宝国际货物运输代理有限公司深圳分公司";"深圳-龙华新区";"若干"
394;"货代销售/业务员/物流销售";"4.5-6千/月";"上海永龙宝国际货物运输代理有限公司深圳分公司";"宁波";"1"
395;"货代销售/提成+五险一金+年底双薪";"4-6千/月";"上海永龙宝国际货物运输代理有限公司深圳分公司";"宁波";"10"
396;"销售（东坑）";"4-8千/月";"上海永龙宝国际货物运输代理有限公司深圳分公司";"东莞";"2"
397;"日语老师";"4-5千/月";"青岛三诚国际经济技术合作有限公司";"青岛-黄岛区";"4"
398;"日语翻译";"4.5-6千/月";"沈阳信商科技有限公司";"沈阳-沈河区";"3"
399;"WEB日语翻译";"4.5-6千/月";"沈阳信商科技有限公司";"沈阳-沈河区";"3"
400;"高薪聘请日语翻译  双休";"4-5千/月";"西安英兆软件信息有限责任公司";"西安-高新技术产业开发区";"5"
401;"日本医美助理";"4-5千/月";"西安英兆软件信息有限责任公司";"西安-高新技术产业开发区";"5"
402;"日本医美客服";"4-5千/月";"西安英兆软件信息有限责任公司";"西安-高新技术产业开发区";"5"
403;"无印良品导购员（工联大厦）";"4-6千/月";"无印良品（上海）商业有限公司";"杭州-上城区";"若干"
404;"无印良品导购员十三薪无销售压力（利星名品店）";"4-6千/月";"无印良品（上海）商业有限公司";"杭州";"若干"
405;"无印良品导购员（就近分配）";"4-6千/月";"无印良品（上海）商业有限公司";"杭州";"若干"
406;"PHP软件工程师";"4-6千/月";"西安英兆软件信息有限责任公司";"西安-高新技术产业开发区";"3"
407;"区域销售主管/经理";"1-2.5万/月";"日世（中国）投资有限公司";"武汉";"2"
408;"区域销售主管/经理";"1-2.5万/月";"日世（中国）投资有限公司";"杭州";"2"
409;"健身房门店店员(职位编号：1)";"25元/小时";"活悦健身咨询（上海）有限公司";"上海-闵行区";"1"
410;"对日开发BSE";"0.8-1万/月";"大连山腾科技有限公司";"大连-高新园区";"3"
411;"对日软件工程师";"1-1.5万/月";"大连山腾科技有限公司";"大连";"10"
412;"高级技术支持专员";"4.5-6千/月";"大连山腾科技有限公司";"大连-高新园区";"5"
413;"对日技术支持";"4.5-6千/月";"大连山腾科技有限公司";"大连-高新园区";"5"
414;"社内系统技术支持（日语）";"4.5-6千/月";"大连山腾科技有限公司";"大连-高新园区";"5"
415;"社内系统技术支持（日语）";"4.5-6千/月";"大连山腾科技有限公司";"大连-高新园区";"5"
416;"日语";"4.5-6千/月";"大连山腾科技有限公司";"大连-高新园区";"5"
417;"日语技术支持人员";"4.5-6千/月";"大连山腾科技有限公司";"大连-高新园区";"5"
418;"android安卓开发软件高级工程师日本长期出差";"3-6万/月";"伙伴（大连）信息技术有限公司";"大连-高新园区";"若干"
419;"软件测试高级工程师日本长期出差";"3-6万/月";"伙伴（大连）信息技术有限公司";"大连-高新园区";"若干"
420;"模拟数字电路设计高级工程师（日本长期出差）";"3-6万/月";"伙伴（大连）信息技术有限公司";"大连";"若干"
421;"留学顾问/学习规划师/日语顾问";"0.8-1万/月";"北京樱花国际日语";"北京-朝阳区";"2"
422;"课程销售";"4-7千/月";"北京美扩教育咨询有限公司";"西安-长安区";"2"
423;"营业担当/销售";"0.8-1.5万/月";"日世（中国）投资有限公司";"杭州";"2"
424;"储备店长";"4-6千/月";"泉盛餐饮（上海）有限公司";"青岛-李沧区";"5"
425;"食品安全QA总监";"1.8-2.5万/月";"日世（中国）投资有限公司";"上海";"1"
426;"无印良品门店营业员（就近分配）";"4.5-6千/月";"无印良品（上海）商业有限公司";"上海";"若干"
427;"营运总监";"1-2万/月";"花馨化妆品（上海）有限公司";"上海-黄浦区";"1"
428;"总经理秘书/总经理助理";"2-2.5万/月";"日世（中国）投资有限公司";"上海";"1"
429;"无印良品正式店员（就近分配）";"4.5-8千/月";"无印良品（上海）商业有限公司";"上海";"若干"
430;"销售/销售代表/销售人员/物流销售/业务员";"4-6千/月";"上海永龙宝国际货物运输代理有限公司深圳分公司";"宁波";"10"
431;"销售/销售代表/销售人员/物流销售/业务员";"4-8千/月";"上海永龙宝国际货物运输代理有限公司深圳分公司";"上海-闵行区";"5"
432;"货代销售/提成+五险一金+年底双薪";"4-8千/月";"上海永龙宝国际货物运输代理有限公司深圳分公司";"杭州-下城区";"10"
433;"销售/销售代表/销售人员/物流销售/业务员";"4-8千/月";"上海永龙宝国际货物运输代理有限公司深圳分公司";"上海-闵行区";"10"
434;"货代销售/提成+五险一金+年底双薪";"4-8千/月";"上海永龙宝国际货物运输代理有限公司深圳分公司";"宁波";"10"
435;"销售/销售代表/销售人员/物流销售/业务员";"6-8千/月";"上海永龙宝国际货物运输代理有限公司深圳分公司";"上海-闵行区";"10"
436;"绘图员（会日语）";"3.2-3.8千/月";"河村图文设计（大连）有限公司武汉分公司";"武汉";"11"
437;"日本留学咨询顾问";"0.8-1万/月";"北京美扩教育咨询有限公司";"北京-昌平区";"2"
438;"日本留学顾问";"4.5-6千/月";"北京美扩教育咨询有限公司";"北京-昌平区";"2"
439;"前台接待";"5.2-6千/月";"活悦健身咨询（上海）有限公司";"上海-长宁区";"1"
440;"销售（厦门）";"0.4-1.2万/月";"上海永龙宝国际货物运输代理有限公司深圳分公司";"厦门";"若干"
441;"销售（东坑）";"0.4-1.2万/月";"上海永龙宝国际货物运输代理有限公司深圳分公司";"东莞";"5"
442;"食品研发（面包糕点类制作）(职位编号：007)";"1-1.5万/月";"北京京日东大食品有限公司";"北京-顺义区";"1"
443;"高级BPO流程专员";"3-4.5千/月";"大连东康信息服务有限公司";"大连-高新园区";"若干"
444;"台湾人才募集中";"2-2.5万/月";"日世（中国）投资有限公司";"上海";"3"
445;"日语制图员";"3.2-3.8千/月";"河村图文设计（大连）有限公司武汉分公司";"武汉";"11"
446;"课程销售";"0.8-1万/月";"北京美扩教育咨询有限公司";"北京-昌平区";"4"
447;"连锁餐饮小区经理";"0.8-1万/月";"泉盛餐饮（上海）有限公司";"上海-长宁区";"5"
448;"销售/销售代表/物流销售/业务员";"4-6千/月";"上海永龙宝国际货物运输代理有限公司深圳分公司";"南通";"10"
449;"货代销售/提成+五险一金+年底双薪";"4-8千/月";"上海永龙宝国际货物运输代理有限公司深圳分公司";"杭州-下城区";"5"
450;"物流销售";"4-6千/月";"上海永龙宝国际货物运输代理有限公司深圳分公司";"上海-闵行区";"10"
451;"销售/销售代表/销售人员/物流销售/业务员";"4-8千/月";"上海永龙宝国际货物运输代理有限公司深圳分公司";"杭州-下城区";"5"
452;"销售/销售代表/销售人员/物流销售/业务员";"4-8千/月";"上海永龙宝国际货物运输代理有限公司深圳分公司";"上海-闵行区";"10"
453;"销售代表";"4-6千/月";"上海永龙宝国际货物运输代理有限公司深圳分公司";"上海-闵行区";"10"
454;"销售代表";"4-6千/月";"上海永龙宝国际货物运输代理有限公司深圳分公司";"上海-闵行区";"10"
455;"JAVA/BV/C开发工程师-大连软件园";"4.5-6千/月";"大连瑞林咨询有限公司";"大连-高新园区";"若干"
456;"成本策划课长";"1-1.5万/月";"广州泽盛机电设备有限公司";"广州";"1"
457;"供应商质量工程师";"6-8千/月";"广州泽盛机电设备有限公司";"广州";"1"
458;"组装技术工程师（应届生可）";"6-8千/月";"广州泽盛机电设备有限公司";"广州";"2"
459;"汽车座椅设计工程师（浙江嘉兴）";"6-8千/月";"广州泽盛机电设备有限公司";"浙江省";"若干"
460;"汽车研发课长";"1.2-1.8万/月";"广州泽盛机电设备有限公司";"广州";"1"
461;"铸造工程师主管";"0.8-1万/月";"广州泽盛机电设备有限公司";"广州";"1"
462;"生产技术课长";"1.2-1.6万/月";"广州泽盛机电设备有限公司";"广州";"1"
463;"生产计划/PMC";"5-6.5千/月";"广州泽盛机电设备有限公司";"广州";"1"
464;"电气工程师（应届生可）";"4-6千/月";"广州泽盛机电设备有限公司";"广州";"1"
465;"酒店前台翻译";"1-1.5万/月";"辽宁政通对外劳务经济合作有限公司";"沈阳-沈河区";"50"
466;"酒店前台翻译";"1-1.5万/月";"辽宁政通对外劳务经济合作有限公司";"沈阳-沈河区";"50"
467;"酒店前台翻译";"1-1.5万/月";"辽宁政通对外劳务经济合作有限公司";"沈阳-沈河区";"50"
468;"酒店前台翻译";"1-1.5万/月";"辽宁政通对外劳务经济合作有限公司";"沈阳-沈河区";"50"
469;"酒店前台翻译";"1-1.5万/月";"辽宁政通对外劳务经济合作有限公司";"沈阳-沈河区";"50"
470;"酒店前台翻译";"1-1.5万/月";"辽宁政通对外劳务经济合作有限公司";"沈阳-沈河区";"50"
471;"酒店前台翻译";"1-1.5万/月";"辽宁政通对外劳务经济合作有限公司";"沈阳-沈河区";"50"
472;"酒店前台翻译";"1-1.5万/月";"辽宁政通对外劳务经济合作有限公司";"沈阳-沈河区";"50"
473;"酒店前台翻译";"1-1.5万/月";"辽宁政通对外劳务经济合作有限公司";"沈阳-沈河区";"50"
474;"酒店前台翻译";"1-1.5万/月";"辽宁政通对外劳务经济合作有限公司";"沈阳-沈河区";"50"
475;"酒店前台翻译";"1-1.5万/月";"辽宁政通对外劳务经济合作有限公司";"沈阳-沈河区";"50"
476;"酒店前台翻译";"1-1.5万/月";"辽宁政通对外劳务经济合作有限公司";"沈阳-沈河区";"50"
477;"酒店前台翻译";"1-1.5万/月";"辽宁政通对外劳务经济合作有限公司";"沈阳-沈河区";"50"
478;"酒店前台翻译";"1-1.5万/月";"辽宁政通对外劳务经济合作有限公司";"沈阳-沈河区";"50"
479;"酒店前台翻译";"1-1.5万/月";"辽宁政通对外劳务经济合作有限公司";"沈阳-沈河区";"50"
480;"酒店前台翻译";"1-1.5万/月";"辽宁政通对外劳务经济合作有限公司";"沈阳-沈河区";"50"
481;"酒店前台翻译";"1-1.5万/月";"辽宁政通对外劳务经济合作有限公司";"沈阳-沈河区";"50"
482;"酒店前台翻译";"1-1.5万/月";"辽宁政通对外劳务经济合作有限公司";"沈阳-沈河区";"50"
483;"酒店前台翻译";"1-1.5万/月";"辽宁政通对外劳务经济合作有限公司";"沈阳-沈河区";"50"
484;"酒店前台翻译";"1-1.5万/月";"辽宁政通对外劳务经济合作有限公司";"沈阳-沈河区";"50"
485;"酒店前台翻译";"1-1.5万/月";"辽宁政通对外劳务经济合作有限公司";"沈阳-沈河区";"50"
486;"酒店前台翻译";"1-1.5万/月";"辽宁政通对外劳务经济合作有限公司";"沈阳-沈河区";"50"
487;"酒店前台翻译";"1-1.5万/月";"辽宁政通对外劳务经济合作有限公司";"沈阳-沈河区";"50"
488;"酒店前台翻译";"1-1.5万/月";"辽宁政通对外劳务经济合作有限公司";"沈阳-沈河区";"50"
489;"JINS眼镜导购/储备干部/加工/验光 （上海LINEPLUS）";"4-5万/年";"睛姿商贸（上海）有限公司";"上海-徐汇区";"5"
490;"JINS眼镜导购/储备干部/加工/验光 （上海百联南桥）";"4-5万/年";"睛姿商贸（上海）有限公司";"上海-奉贤区";"5"
491;"JINS眼镜导购/储备干部/加工/验光 （上海长宁来福士）";"4-5万/年";"睛姿商贸（上海）有限公司";"上海-长宁区";"5"
492;"JINS眼镜导购/储备干部/加工/验光 （上海凯德星贸）";"4-5万/年";"睛姿商贸（上海）有限公司";"上海-静安区";"5"
493;"JINS眼镜导购/储备干部/加工/验光 （上海尚悦湾）";"4-5万/年";"睛姿商贸（上海）有限公司";"上海-浦东新区";"5"
494;"知名眼镜品牌店员（温州地区）";"3-3.8千/月";"睛姿商贸（上海）有限公司";"温州";"5"
495;"JINS眼镜导购验光师（合生汇）";"3-4.5千/月";"睛姿商贸（上海）有限公司";"北京-朝阳区";"5"
496;"JINS眼镜导购/储备干部/加工/验光 （佛山永旺）";"3-4万/年";"睛姿商贸（上海）有限公司";"佛山-南海区";"2"
497;"JINS眼镜导购/储备干部/加工/验光 （永旺梦乐城）";"3-4万/年";"睛姿商贸（上海）有限公司";"烟台";"5"
498;"JINS眼镜导购/储备干部/加工/验光 （合肥漫乐城）";"3-4.5千/月";"睛姿商贸（上海）有限公司";"合肥-包河区";"5"
499;"JINS眼镜导购/储备干部/加工/验光 （青岛凯德新都心）";"3-4万/年";"睛姿商贸（上海）有限公司";"青岛-市北区";"5"
500;"JINS眼镜导购/储备干部/加工/验光 （青岛乐客城）";"3-4万/年";"睛姿商贸（上海）有限公司";"青岛-李沧区";"5"
501;"JINS眼镜导购/储备干部/加工/验光 （长沙堂五一广场）";"3-4万/年";"睛姿商贸（上海）有限公司";"长沙-芙蓉区";"5"
502;"JINS眼镜导购/储备干部/加工/验光 （长沙堂奥克斯广场";"3-4万/年";"睛姿商贸（上海）有限公司";"长沙-岳麓区";"5"
503;"JINS眼镜导购/储备干部/加工/验光 （郑州丹尼斯大卫城";"3-4万/年";"睛姿商贸（上海）有限公司";"郑州-金水区";"5"
504;"JINS眼镜导购/储备干部/加工/验光 （厦门SM城市广场）";"3-4万/年";"睛姿商贸（上海）有限公司";"厦门";"5"
505;"JINS眼镜导购/储备干部/加工/验光 （佛山印象城）";"3-4万/年";"睛姿商贸（上海）有限公司";"佛山-禅城区";"5"
506;"JINS眼镜导购/储备干部/加工/验光 （广州天环广场）";"3-4.5千/月";"睛姿商贸（上海）有限公司";"广州-天河区";"5"
507;"JINS眼镜导购/储备干部/加工/验光 （广州番禺永旺）";"3-4.5千/月";"睛姿商贸（上海）有限公司";"广州-番禺区";"5"
508;"JINS眼镜导购/储备干部/加工/验光 （广州凯德云尚）";"3-4.5千/月";"睛姿商贸（上海）有限公司";"广州-白云区";"5"
509;"JINS眼镜导购/储备干部/加工/验光 （天津天河城）";"3-4.5千/月";"睛姿商贸（上海）有限公司";"天津-和平区";"1"
510;"JINS眼镜导购/储备干部/加工/验光 （天津中北永旺）";"3-4.5千/月";"睛姿商贸（上海）有限公司";"天津-西青区";"1"
511;"JINS眼镜导购/储备干部/加工/验光 （天津和平大悦城）";"3-4.5千/月";"睛姿商贸（上海）有限公司";"天津-和平区";"1"
512;"JINS眼镜导购/储备干部/加工/验光 （天津梅江永旺）";"3-4.5千/月";"睛姿商贸（上海）有限公司";"天津-西青区";"1"
513;"JINS眼镜导购/储备干部/加工/验光 （天津未来广场）";"3-4.5千/月";"睛姿商贸（上海）有限公司";"天津-河东区";"1"
514;"JINS眼镜导购/储备干部/加工/验光 （上海虹口龙之梦）";"4-5万/年";"睛姿商贸（上海）有限公司";"上海-虹口区";"5"
515;"JINS眼镜导购/储备干部/加工/验光 （上海日月光广场）";"4-5万/年";"睛姿商贸（上海）有限公司";"上海-黄浦区";"5"
516;"JINS眼镜导购/储备干部/加工/验光 （上海怡丰城）";"4-5万/年";"睛姿商贸（上海）有限公司";"上海-闵行区";"5"
517;"JINS眼镜导购/储备干部/加工/验光 （上海兴业太古汇）";"4-5万/年";"睛姿商贸（上海）有限公司";"上海-静安区";"5"
518;"JINS眼镜导购/储备干部/加工/验光 （上海宝地广场）";"4-5万/年";"睛姿商贸（上海）有限公司";"上海-杨浦区";"5"
519;"JINS眼镜导购/储备干部/加工/验光 （上海七宝万科";"4-5万/年";"睛姿商贸（上海）有限公司";"上海-闵行区";"5"
520;"JINS眼镜导购/储备干部/加工/验光 （上海百联世纪）";"4-5万/年";"睛姿商贸（上海）有限公司";"上海-浦东新区";"5"
521;"JINS眼镜导购/储备干部/加工/验光 （上海正大）";"4-5万/年";"睛姿商贸（上海）有限公司";"上海-浦东新区";"5"
522;"JINS眼镜导购/储备干部/加工/验光 （上海巴黎春天淮海";"4-5万/年";"睛姿商贸（上海）有限公司";"上海-黄浦区";"5"
523;"JINS眼镜导购/储备干部/加工/验光 （上海虹桥天地）";"4-5万/年";"睛姿商贸（上海）有限公司";"上海-闵行区";"5"
524;"JINS眼镜导购/储备干部/加工/验光 （上海大悦城）";"4-5万/年";"睛姿商贸（上海）有限公司";"上海-静安区";"5"
525;"JINS眼镜导购/储备干部/加工/验光 （上海百联西郊）";"4-5万/年";"睛姿商贸（上海）有限公司";"上海-普陀区";"5"
526;"JINS眼镜导购/储备干部/加工/验光 （上海月星环球港）";"4-5万/年";"睛姿商贸（上海）有限公司";"上海-普陀区";"5"
527;"JINS眼镜导购/储备干部/加工/验光 （上海南翔）";"4-5万/年";"睛姿商贸（上海）有限公司";"上海-嘉定区";"5"
528;"JINS眼镜导购/储备干部/加工/验光 （上海梅陇伊势丹）";"4-5万/年";"睛姿商贸（上海）有限公司";"上海-静安区";"5"
529;"JINS眼镜导购/储备干部/加工/验光 （上海来福士人广）";"4-5万/年";"睛姿商贸（上海）有限公司";"上海-黄浦区";"5"
530;"JINS眼镜导购/储备干部/加工/验光 （上海环球中心）";"4-5万/年";"睛姿商贸（上海）有限公司";"上海-浦东新区";"5"
531;"JINS眼镜导购/储备干部/加工/验光 （上海世博源）";"4-5万/年";"睛姿商贸（上海）有限公司";"上海-浦东新区";"5"
532;"JINS眼镜导购/储备干部/加工/验光 （上海新世界人广）";"4-5万/年";"睛姿商贸（上海）有限公司";"上海-黄浦区";"5"
533;"JINS眼镜导购/储备干部/加工/验光 （上海长泰广场）";"4-5万/年";"睛姿商贸（上海）有限公司";"上海-浦东新区";"5"
534;"JINS眼镜导购/储备干部/加工/验光 （上海南丰城）";"4-5万/年";"睛姿商贸（上海）有限公司";"上海-长宁区";"5"
535;"JINS眼镜导购/储备干部/加工/验光 （上海近铁）";"4-5万/年";"睛姿商贸（上海）有限公司";"上海-普陀区";"5"
536;"JINS眼镜导购/储备干部/加工/验光 （上海芮欧百货）";"4-5万/年";"睛姿商贸（上海）有限公司";"上海-静安区";"5"
537;"JINS眼镜导购/储备干部/加工/验光 （上海金虹桥）";"4-5万/年";"睛姿商贸（上海）有限公司";"上海-长宁区";"5"
538;"JINS眼镜导购/储备干部/加工/验光 （武汉光谷K11）";"3.3-3.8千/月";"睛姿商贸（上海）有限公司";"武汉-东西湖区";"5"
539;"JINS眼镜导购/储备干部/加工/验光 （武汉M+）";"3.3-3.8千/月";"睛姿商贸（上海）有限公司";"武汉-江汉区";"5"
540;"JINS眼镜导购/储备干部/加工/验光 （武汉荟聚中心）";"3.3-3.8千/月";"睛姿商贸（上海）有限公司";"武汉-�~口区";"5"
541;"JINS眼镜导购/储备干部/加工/验光 （上海颛桥万达）";"4-5万/年";"睛姿商贸（上海）有限公司";"上海-闵行区";"5"
542;"JINS眼镜导购/储备干部/加工/验光 （合肥漫乐城）";"3-4.5千/月";"睛姿商贸（上海）有限公司";"合肥-包河区";"5"
543;"JINS眼镜导购/储备干部/加工/验光师（北京大峡谷）";"3-4.5千/月";"睛姿商贸（上海）有限公司";"北京-丰台区";"2"
544;"JINS眼镜导购/验光师 （乐峰广场）";"3-4.5千/月";"睛姿商贸（上海）有限公司";"广州-海珠区";"6"
545;"JINS眼镜店导购/验光师 （烟台永旺）";"3-4万/年";"睛姿商贸（上海）有限公司";"烟台";"2"
546;"JINS眼镜导购/储备干部/加工/验光 （无锡宜家）";"3-4.5千/月";"睛姿商贸（上海）有限公司";"无锡";"3"
547;"知名眼镜店员/营业员 新店开张（急）";"4-5万/年";"睛姿商贸（上海）有限公司";"上海";"5"
548;"JINS眼镜/验光师/营业员";"4-5万/年";"睛姿商贸（上海）有限公司";"上海";"5"
549;"JINS眼镜营业员/导购";"4-5万/年";"睛姿商贸（上海）有限公司";"上海";"5"
550;"JINS眼镜导购/储备干部/加工/验光 （上海各大店铺）";"4-5万/年";"睛姿商贸（上海）有限公司";"上海-长宁区";"5"
551;"JINS眼镜导购/储备干部/加工/验光 （上海悠迈广场）";"4-5万/年";"睛姿商贸（上海）有限公司";"上海-杨浦区";"5"
552;"JINS眼镜导购/储备干部/加工/验光 （厦门中华城）";"3-4万/年";"睛姿商贸（上海）有限公司";"厦门";"5"
553;"JINS眼镜导购/储备干部/加工/验光 （天津凯德国贸）";"3-4.5千/月";"睛姿商贸（上海）有限公司";"天津-河西区";"1"
554;"JINS眼镜导购/储备干部/加工/验光 （天津现代城）";"3-4.5千/月";"睛姿商贸（上海）有限公司";"天津-河西区";"1"
555;"JINS眼镜导购/储备干部/加工/验光 （天津凯德MALL）";"3-4.5千/月";"睛姿商贸（上海）有限公司";"天津-河西区";"1"
556;"JINS眼镜导购/储备干部/加工/验光 （天津大悦城）";"3-4.5千/月";"睛姿商贸（上海）有限公司";"天津-南开区";"1"
557;"JINS眼镜导购/储备干部/加工/验光 （北京悠唐）";"3-4.5千/月";"睛姿商贸（上海）有限公司";"北京-朝阳区";"5"
558;"JINS眼镜导购/储备干部/加工/验光 （北京坊店）";"3-4.5千/月";"睛姿商贸（上海）有限公司";"北京-西城区";"5"
559;"JINS眼镜导购/储备干部/加工/验光 （北京和谐广场）";"3-4.5千/月";"睛姿商贸（上海）有限公司";"北京-丰台区";"5"
560;"JINS眼镜导购/储备干部/加工/验光  北京龙湖大兴天街";"3-4.5千/月";"睛姿商贸（上海）有限公司";"北京-大兴区";"5"
561;"JINS眼镜导购/储备干部/加工/验光 （北京世贸天阶）";"3-4.5千/月";"睛姿商贸（上海）有限公司";"北京-朝阳区";"5"
562;"JINS眼镜导购/储备干部/加工/验光 （北京东直门银座）";"3-4.5千/月";"睛姿商贸（上海）有限公司";"北京-东城区";"5"
563;"JINS眼镜导购/储备干部/加工/验光 （北京凯德望京）";"3-4.5千/月";"睛姿商贸（上海）有限公司";"北京-朝阳区";"5"
564;"JINS眼镜导购/储备干部/加工/验光 （北京凯德太阳宫）";"3-4.5千/月";"睛姿商贸（上海）有限公司";"北京-朝阳区";"5"
565;"JINS眼镜导购/储备干部/加工/验光 （北京凯德大峡谷）";"3-4.5千/月";"睛姿商贸（上海）有限公司";"北京-丰台区";"5"
566;"JINS眼镜导购/储备干部/加工/验光 （北京�U堤港）";"3-4.5千/月";"睛姿商贸（上海）有限公司";"北京-朝阳区";"5"
567;"JINS眼镜导购/储备干部/加工/验光 （北京蓝色港湾）";"3-4.5千/月";"睛姿商贸（上海）有限公司";"北京-朝阳区";"5"
568;"JINS眼镜导购/储备干部/加工/验光 （北京凯德晶品）";"3-4.5千/月";"睛姿商贸（上海）有限公司";"北京-海淀区";"5"
569;"JINS眼镜导购/储备干部/加工/验光 （北京昌平永旺）";"3-4.5千/月";"睛姿商贸（上海）有限公司";"北京-昌平区";"5"
570;"JINS眼镜导购/储备干部/加工/验光 （北京西红门宜家";"3-4.5千/月";"睛姿商贸（上海）有限公司";"北京-大兴区";"5"
571;"JINS眼镜导购/储备干部/加工/验光 （重庆国金中心）";"2.8-3.5千/月";"睛姿商贸（上海）有限公司";"重庆-江北区";"5"
572;"JINS眼镜导购/储备干部/加工/验光 （重庆U城天街）";"2.8-3.6千/月";"睛姿商贸（上海）有限公司";"重庆-沙坪坝区";"5"
573;"JINS眼镜导购/储备干部/加工/验光 （重庆SM城市广场）";"2.8-3.6千/月";"睛姿商贸（上海）有限公司";"重庆-渝北区";"5"
574;"JINS眼镜导购/储备干部/加工/验光 （重庆龙湖时代天街";"2.8-3.6千/月";"睛姿商贸（上海）有限公司";"重庆-渝中区";"5"
575;"JINS眼镜导购/储备干部/加工/验光 （苏州狮山龙湖天街";"3.6-4.5千/月";"睛姿商贸（上海）有限公司";"苏州-高新区";"5"
576;"JINS眼镜导购/储备干部/加工/验光 （苏州新区永旺）";"3.6-4.5千/月";"睛姿商贸（上海）有限公司";"苏州-高新区";"5"
577;"JINS眼镜导购/储备干部/加工/验光 （苏州圆融购物）";"3.6-4.5千/月";"睛姿商贸（上海）有限公司";"苏州-姑苏区";"5"
578;"JINS眼镜导购/储备干部/加工/验光 （深圳壹方城）";"3-4.5千/月";"睛姿商贸（上海）有限公司";"深圳-宝安区";"5"
579;"JINS眼镜导购/储备干部/加工/验光 （深圳万象天地）";"3-4.5千/月";"睛姿商贸（上海）有限公司";"深圳";"5"
580;"JINS眼镜导购/储备干部/加工/验光 （上海合生）";"4-5万/年";"睛姿商贸（上海）有限公司";"上海-杨浦区";"5"
581;"JINS眼镜导购/储备干部/加工/验光 （上海宏伊广场）";"4-5万/年";"睛姿商贸（上海）有限公司";"上海-黄浦区";"5"
582;"JINS眼镜导购/储备干部/加工/验光 （武汉群星城）";"3.3-3.8千/月";"睛姿商贸（上海）有限公司";"武汉-武昌区";"5"
583;"JINS眼镜导购/储备干部/加工/验光 （武汉金银潭）";"3.3-3.8千/月";"睛姿商贸（上海）有限公司";"武汉-东西湖区";"5"
584;"JINS眼镜导购/储备干部/加工/验光 （成都大悦城）";"4-5万/年";"睛姿商贸（上海）有限公司";"成都-武侯区";"5"
585;"JINS眼镜导购/储备干部/加工/验光 （成都锦华）";"4-5万/年";"睛姿商贸（上海）有限公司";"成都-锦江区";"5"
586;"JINS眼镜导购/储备干部/加工/验光 （成都高新）";"4-5万/年";"睛姿商贸（上海）有限公司";"成都-高新区";"5"
587;"JINS眼镜导购/储备干部/加工/验光 （成都春熙）";"4-5万/年";"睛姿商贸（上海）有限公司";"成都-锦江区";"5"
588;"JINS眼镜导购/储备干部/加工/验光 （成都阳光新业）";"4-5万/年";"睛姿商贸（上海）有限公司";"成都-锦江区";"5"
589;"JINS眼镜导购/储备干部/加工/验光 （成都环球中心）";"4-5万/年";"睛姿商贸（上海）有限公司";"成都-高新区";"5"
590;"JINS眼镜导购/储备干部/加工/验光 （成都太古里）";"4-5万/年";"睛姿商贸（上海）有限公司";"成都-锦江区";"5"
591;"JINS眼镜导购/储备干部/加工/验光 （成都悠方）";"4-5万/年";"睛姿商贸（上海）有限公司";"成都-武侯区";"5"
592;"JINS眼镜导购/储备干部/加工/验光 （无锡恒隆）";"3.2-4.5千/月";"睛姿商贸（上海）有限公司";"无锡";"5"
593;"JINS眼镜导购/储备干部/加工/验光 （上海万象城）";"4-5万/年";"睛姿商贸（上海）有限公司";"上海-闵行区";"5"
594;"JINS眼镜导购/验光师（济南万象城）";"3-4万/年";"睛姿商贸（上海）有限公司";"济南-市中区";"5"
595;"JINS眼镜导购/储备干部/加工/验光 （永旺梦乐城泰达）";"3-4.5千/月";"睛姿商贸（上海）有限公司";"天津-滨海新区";"5"
596;"JINS眼镜导购/储备干部/加工/验光 （正弘城）";"3-4万/年";"睛姿商贸（上海）有限公司";"郑州-金水区";"5"
597;"JINS眼镜导购（武汉各大店铺）";"3.5-4千/月";"睛姿商贸（上海）有限公司";"武汉";"5"
598;"JINS眼镜导购（杭州各大店铺）";"3.5-4千/月";"睛姿商贸（上海）有限公司";"杭州";"5"
599;"JINS眼镜导购（西安各大店铺）";"2-3千/月";"睛姿商贸（上海）有限公司";"西安";"5"
600;"JINS眼镜导购/储备干部/加工/验光 （苏州尹山湖店）";"3.6-4.5千/月";"睛姿商贸（上海）有限公司";"苏州-吴中区";"5"
601;"JINS眼镜验光师/储备店长 （泰禾城市广场）";"3-4万/年";"睛姿商贸（上海）有限公司";"福州-晋安区";"5"
602;"JINS眼镜导购/储备店长（广州太阳新天地）";"3-4.5千/月";"睛姿商贸（上海）有限公司";"广州-天河区";"5"
603;"JINS眼镜导购（南京各大店铺）";"3.5-4千/月";"睛姿商贸（上海）有限公司";"南京-秦淮区";"6"
604;"JINS眼镜导购/储备干部/加工/验光 （重庆新光天地店）";"2.9-3.8千/月";"睛姿商贸（上海）有限公司";"重庆-渝北区";"7"
605;"JINS眼镜验光师/储备店长 （广州金沙永旺）";"3-4.5千/月";"睛姿商贸（上海）有限公司";"广州-白云区";"5"
606;"JINS眼镜导购/储备干部/加工/验光 （广州乐峰广场）";"3-4.5千/月";"睛姿商贸（上海）有限公司";"广州-海珠区";"5"
607;"JINS眼镜导购/储备干部/加工/验光 （宁波   急）";"4-5万/年";"睛姿商贸（上海）有限公司";"宁波";"10"
608;"JINS眼镜导购/储备干部/加工/验光 （宁波天一广场）";"4-5万/年";"睛姿商贸（上海）有限公司";"宁波-海曙区";"10"
609;"眼镜导购";"3.6-4.2千/月";"睛姿商贸（上海）有限公司";"杭州";"10"
610;"知名眼镜店员/营业员 （急  宁波）";"4-5万/年";"睛姿商贸（上海）有限公司";"宁波";"10"
611;"知名眼镜店员/营业员 新店开张（急  成都）";"4-5万/年";"睛姿商贸（上海）有限公司";"成都";"20"
612;"JINS眼镜导购（上海各大店铺）";"4-5万/年";"睛姿商贸（上海）有限公司";"上海";"5"
613;"JINS日本知名企业/店员/眼镜";"4-5万/年";"睛姿商贸（上海）有限公司";"上海-长宁区";"20"
614;"JINS眼镜导购/储备干部/加工/验光 （杭州乐堤港）";"3.6-4.2千/月";"睛姿商贸（上海）有限公司";"杭州-拱墅区";"10"
615;"JINS眼镜导购/储备干部/加工/验光 （武汉金桥永旺）";"3.3-3.8千/月";"睛姿商贸（上海）有限公司";"武汉-江岸区";"5"
616;"JINS眼镜导购/储备干部/加工/验光 （重庆南坪协信）";"2.8-3.6千/月";"睛姿商贸（上海）有限公司";"重庆-南岸区";"5"
617;"JINS眼镜导购/储备干部/加工/验光 （西安鑫苑大都汇）";"2-4千/月";"睛姿商贸（上海）有限公司";"西安-莲湖区";"5"
618;"JINS眼镜导购/储备干部/加工/验光 （西安印象城）";"2-4千/月";"睛姿商贸（上海）有限公司";"西安-未央区";"5"
619;"JINS眼镜导购/储备干部/加工/验光 （苏州印象城）";"3.6-4.5千/月";"睛姿商贸（上海）有限公司";"苏州-工业园区";"5"
620;"JINS眼镜导购/储备干部/加工/验光 （苏州中心MALL）";"3.6-4.5千/月";"睛姿商贸（上海）有限公司";"苏州-工业园区";"5"
621;"JINS眼镜导购/储备干部/加工/验光 （苏州园区永旺）";"3.6-4.5千/月";"睛姿商贸（上海）有限公司";"苏州-姑苏区";"5"
622;"JINS眼镜导购/储备干部/加工/验光 （苏州邻瑞广场）";"3.6-4.5千/月";"睛姿商贸（上海）有限公司";"苏州-吴中区";"5"
623;"JINS眼镜导购/储备干部/加工/验光 （深圳1234SPACE）";"3-4.5千/月";"睛姿商贸（上海）有限公司";"深圳-罗湖区";"5"
624;"JINS眼镜导购/储备干部/加工/验光 （上海浦东嘉里城）";"4-5万/年";"睛姿商贸（上海）有限公司";"上海-浦东新区";"5"
625;"JINS眼镜导购/储备干部/加工（宁波来福士 ）";"4-5万/年";"睛姿商贸（上海）有限公司";"宁波-江北区";"10"
626;"JINS眼镜导购/储备干部/加工/验光 （宁波印象城）";"4-5万/年";"睛姿商贸（上海）有限公司";"宁波";"5"
627;"JINS眼镜导购/储备干部/加工/验光 （武汉经开永旺）";"3.3-3.8千/月";"睛姿商贸（上海）有限公司";"武汉-汉阳区";"5"
628;"JINS眼镜导购/储备干部/加工/验光 （杭州永旺）";"3.6-4.2千/月";"睛姿商贸（上海）有限公司";"杭州-余杭区";"1"
629;"日语业务员";"3-4.5千/月";"武汉汇朗国际贸易有限公司";"武汉-江汉区";"3"
630;"亚马逊销售-日语";"3-4.5千/月";"武汉汇朗国际贸易有限公司";"武汉-江汉区";"3"
631;"对日开发软件工程师_BSE、SSE、PM、PL";"3-8千/月";"沈阳思优科信息技术有限公司";"沈阳-皇姑区";"若干"
632;"海外拓展经理";"1-1.5万/月";"沈阳政通佳益教育咨询有限公司";"沈阳-沈河区";"50"
633;"海外拓展经理";"1-1.5万/月";"沈阳政通佳益教育咨询有限公司";"沈阳-沈河区";"50"
634;"海外拓展经理";"1-1.5万/月";"沈阳政通佳益教育咨询有限公司";"沈阳-沈河区";"50"
635;"海外拓展经理";"1-1.5万/月";"沈阳政通佳益教育咨询有限公司";"沈阳-沈河区";"50"
636;"海外拓展经理";"1-1.5万/月";"沈阳政通佳益教育咨询有限公司";"沈阳-沈河区";"50"
637;"海外拓展经理";"1-1.5万/月";"沈阳政通佳益教育咨询有限公司";"沈阳-沈河区";"50"
638;"海外拓展经理";"1-1.5万/月";"沈阳政通佳益教育咨询有限公司";"沈阳-沈河区";"50"
639;"海外拓展经理";"1-1.5万/月";"沈阳政通佳益教育咨询有限公司";"沈阳-沈河区";"50"
640;"海外拓展经理";"1-1.5万/月";"沈阳政通佳益教育咨询有限公司";"沈阳-沈河区";"50"
641;"对日开发SE";"0.8-1万/月";"威英软件（上海）有限公司";"上海-徐汇区";"若干"
642;"对日（Java）软件工程师";"0.8-1万/月";"威英软件（上海）有限公司";"上海-徐汇区";"10"
643;"对日Java高级软件工程师";"0.8-1万/月";"威英软件（上海）有限公司";"上海-徐汇区";"5"
644;"对日JAVA程序员";"0.8-1万/月";"威英软件（上海）有限公司";"上海-徐汇区";"若干"
645;"对日软件：SAP/C/Android/C#/ios/JAVA/VB/vb.net等";"1.5-3万/月";"大连维思创新科技有限公司";"北京";"若干"
646;"对日软件：SAP/Android/C#/ios/JAVA/VB/vb.net等";"1.5-3万/月";"大连维思创新科技有限公司";"大连";"5"
647;"对日IOS软件工程师";"1.5-3万/月";"大连维思创新科技有限公司";"大连";"6"
648;"对日IOS软件工程师";"1.5-3万/月";"大连维思创新科技有限公司";"大连";"6"
649;"对日IOS软件工程师";"1.5-3万/月";"大连维思创新科技有限公司";"大连";"6"
650;"对日IOS软件工程师";"1.5-3万/月";"大连维思创新科技有限公司";"大连";"6"
651;"对日IOS软件工程师";"1.5-3万/月";"大连维思创新科技有限公司";"大连";"6"
652;"对日IOS软件工程师";"1.5-3万/月";"大连维思创新科技有限公司";"大连";"6"
653;"对日IOS软件工程师";"1.5-3万/月";"大连维思创新科技有限公司";"大连";"6"
654;"对日IOS软件工程师";"1.5-3万/月";"大连维思创新科技有限公司";"大连";"6"
655;"项目经理 日语 养老产业";"6-8万/年";"南京昭凌精密机械有限公司";"南京-浦口区";"1"
656;"烘焙课程销售";"4.5-6千/月";"ABC Cooking Studio";"郑州-金水区";"10"
657;"烘培课程顾问";"0.4-1万/月";"ABC Cooking Studio";"杭州-下城区";"若干"
658;"烘焙工作室运营员工";"0.4-1万/月";"ABC Cooking Studio";"北京-朝阳区";"若干"
659;"烘培课程顾问";"0.4-1万/月";"ABC Cooking Studio";"北京-朝阳区";"若干"
660;"烘培老师";"0.4-1万/月";"ABC Cooking Studio";"上海-浦东新区";"若干"
661;"烘焙课程顾问";"0.4-1万/月";"ABC Cooking Studio";"西安-雁塔区";"若干"
662;"课程销售顾问";"4.5-8千/月";"ABC Cooking Studio";"杭州-拱墅区";"5"
663;"深圳ABC Cooking Stuido烘焙课程顾问";"0.4-1万/月";"ABC Cooking Studio";"深圳-南山区";"5"
664;"烘焙课程顾问";"0.4-1万/月";"ABC Cooking Studio";"深圳-南山区";"若干"
665;"烘焙课程顾问";"0.4-1万/月";"ABC Cooking Studio";"深圳-南山区";"若干"
666;"烘培课程顾问";"4-8千/月";"ABC Cooking Studio";"重庆-江北区";"10"
667;"烘培课程顾问";"0.4-1万/月";"ABC Cooking Studio";"成都-高新区";"若干"
668;"烘培课程顾问";"0.4-1万/月";"ABC Cooking Studio";"重庆-江北区";"若干"
669;"烘培课程顾问";"0.4-1万/月";"ABC Cooking Studio";"广州-天河区";"若干"
670;"烘培课程顾问";"0.4-1万/月";"ABC Cooking Studio";"成都-锦江区";"若干"
671;"烘培课程顾问";"0.4-1万/月";"ABC Cooking Studio";"上海-浦东新区";"若干"
672;"烘培课程顾问";"0.4-1万/月";"ABC Cooking Studio";"上海";"10"
673;"烘焙课程顾问";"0.4-1万/月";"ABC Cooking Studio";"北京-朝阳区";"若干"
674;"蛋糕/面包/料理工作室店员";"0.4-1万/月";"ABC Cooking Studio";"北京-朝阳区";"若干"
675;"烘培课程顾问";"0.4-1万/月";"ABC Cooking Studio";"上海";"若干"
676;"烘培课程顾问";"0.4-1万/月";"ABC Cooking Studio";"北京-朝阳区";"若干"
677;"烘培课程顾问";"0.4-1万/月";"ABC Cooking Studio";"上海-浦东新区";"若干"
678;"日语文书翻译";"3-6千/月";"大连拓中教育科技股份有限公司";"大连";"若干"
679;"日语翻译";"3-4.5千/月";"Resort Tokyo Hair Salons";"广州-天河区";"1"
680;"全职日语教师";"4.5-6千/月";"江苏宏扬秉义教育科技有限公司";"安徽省";"10"
681;"全职日语教师";"4.5-6千/月";"江苏宏扬秉义教育科技有限公司";"安徽省";"10"
682;"日本工签   日语营业担当";"0.8-1万/月";"大连新翔教育咨询有限公司";"大连-沙河口区";"20"
683;"日本工签   日语营业担当";"0.8-1万/月";"大连新翔教育咨询有限公司";"大连-沙河口区";"20"
684;"日本工签   日语营业担当";"0.8-1万/月";"大连新翔教育咨询有限公司";"大连-沙河口区";"20"
685;"日本工签   日语营业担当";"0.8-1万/月";"大连新翔教育咨询有限公司";"大连-沙河口区";"20"
686;"日本工签   日语营业担当";"0.8-1万/月";"大连新翔教育咨询有限公司";"大连-沙河口区";"20"
687;"日本工签   日语营业担当";"0.8-1万/月";"大连新翔教育咨询有限公司";"大连-沙河口区";"20"
688;"日本工签   日语营业担当";"0.8-1万/月";"大连新翔教育咨询有限公司";"大连-沙河口区";"20"
689;"日本工签   日语营业担当";"0.8-1万/月";"大连新翔教育咨询有限公司";"大连-沙河口区";"20"
690;"日本工签   日语营业担当";"0.8-1万/月";"大连新翔教育咨询有限公司";"大连-沙河口区";"20"
691;"日本工签   日语营业担当";"0.8-1万/月";"大连新翔教育咨询有限公司";"大连-沙河口区";"20"
692;"日本工签   日语营业担当";"0.8-1万/月";"大连新翔教育咨询有限公司";"大连-沙河口区";"20"
693;"日本工签   日语营业担当";"0.8-1万/月";"大连新翔教育咨询有限公司";"大连-沙河口区";"20"
694;"日本工签   日语营业担当";"0.8-1万/月";"大连新翔教育咨询有限公司";"大连-沙河口区";"20"
695;"日本工签   日语营业担当";"0.8-1万/月";"大连新翔教育咨询有限公司";"大连-沙河口区";"20"
696;"日本工签   日语营业担当";"0.8-1万/月";"大连新翔教育咨询有限公司";"大连-沙河口区";"20"
697;"日本工签   日语营业担当";"0.8-1万/月";"大连新翔教育咨询有限公司";"大连-沙河口区";"20"
698;"日本工签   日语营业担当";"0.8-1万/月";"大连新翔教育咨询有限公司";"大连-沙河口区";"20"
699;"日本工签   日语营业担当";"0.8-1万/月";"大连新翔教育咨询有限公司";"大连-沙河口区";"20"
700;"日本工签   日语营业担当";"0.8-1万/月";"大连新翔教育咨询有限公司";"大连-沙河口区";"20"
701;"日本工签   日语营业担当";"0.8-1万/月";"大连新翔教育咨询有限公司";"大连-沙河口区";"20"
702;"日本工签   日语营业担当";"0.8-1万/月";"大连新翔教育咨询有限公司";"大连-沙河口区";"20"
703;"招聘专员";"3-6千/月";"大连九鼎联合科技有限公司";"大连";"5"
704;"日本工签    日语营业担当";"1.5-2万/月";"大连新翔教育咨询有限公司";"大连-沙河口区";"10"
705;"日本工签    日语营业担当";"1.5-2万/月";"大连新翔教育咨询有限公司";"大连-沙河口区";"10"
706;"日本工签    日语营业担当";"1.5-2万/月";"大连新翔教育咨询有限公司";"大连-沙河口区";"10"
707;"日本工签    日语营业担当";"1.5-2万/月";"大连新翔教育咨询有限公司";"大连-沙河口区";"10"
708;"日本工签    日语营业担当";"1.5-2万/月";"大连新翔教育咨询有限公司";"大连-沙河口区";"10"
709;"日本工签    日语营业担当";"1.5-2万/月";"大连新翔教育咨询有限公司";"大连-沙河口区";"10"
710;"日本工签    日语营业担当";"1.5-2万/月";"大连新翔教育咨询有限公司";"大连-沙河口区";"10"
711;"日本工签    日语营业担当";"1.5-2万/月";"大连新翔教育咨询有限公司";"大连-沙河口区";"10"
712;"日本工签    日语营业担当";"1.5-2万/月";"大连新翔教育咨询有限公司";"大连-沙河口区";"10"
713;"日本工签    日语营业担当";"1.5-2万/月";"大连新翔教育咨询有限公司";"大连-沙河口区";"10"
714;"日本工签    日语营业担当";"1.5-2万/月";"大连新翔教育咨询有限公司";"大连-沙河口区";"10"
715;"日本工签    日语营业担当";"1.5-2万/月";"大连新翔教育咨询有限公司";"大连-沙河口区";"10"
716;"日本工签    日语营业担当";"1.5-2万/月";"大连新翔教育咨询有限公司";"大连-沙河口区";"10"
717;"日本工签    日语营业担当";"1.5-2万/月";"大连新翔教育咨询有限公司";"大连-沙河口区";"10"
718;"日本工签    日语营业担当";"1.5-2万/月";"大连新翔教育咨询有限公司";"大连-沙河口区";"10"
719;"日本工签    日语营业担当";"1.5-2万/月";"大连新翔教育咨询有限公司";"大连-沙河口区";"10"
720;"日本工签    日语营业担当";"1.5-2万/月";"大连新翔教育咨询有限公司";"大连-沙河口区";"10"
721;"日本工签    日语营业担当";"1.5-2万/月";"大连新翔教育咨询有限公司";"大连-沙河口区";"10"
722;"日本工签    日语营业担当";"1.5-2万/月";"大连新翔教育咨询有限公司";"大连-沙河口区";"10"
723;"日本工签    日语营业担当";"1.5-2万/月";"大连新翔教育咨询有限公司";"大连-沙河口区";"10"
724;"日本工签    日语营业担当";"1.5-2万/月";"大连新翔教育咨询有限公司";"大连-沙河口区";"10"
725;"日本工签    日语营业担当";"1.5-2万/月";"大连新翔教育咨询有限公司";"大连-沙河口区";"10"
726;"店员/导购（上海）";"3.9-4.6千/月";"上海萨莉亚餐饮有限公司";"上海";"5"
727;"对日CAD绘图/对日门窗(急招)";"4.5-7千/月";"大连精石科技有限公司";"大连-中山区";"若干"
728;"日本工作签证--综合销售岗位";"0.8-1.3万/月";"大连新翔教育咨询有限公司";"大连-沙河口区";"10"
729;"日本工作签证--综合销售岗位";"0.8-1.3万/月";"大连新翔教育咨询有限公司";"大连-沙河口区";"10"
730;"日本工作签证--综合销售岗位";"0.8-1.3万/月";"大连新翔教育咨询有限公司";"大连-沙河口区";"10"
731;"日本工作签证--综合销售岗位";"0.8-1.3万/月";"大连新翔教育咨询有限公司";"大连-沙河口区";"10"
732;"日本工作签证--综合销售岗位";"0.8-1.3万/月";"大连新翔教育咨询有限公司";"大连-沙河口区";"10"
733;"日本工作签证--综合销售岗位";"0.8-1.3万/月";"大连新翔教育咨询有限公司";"大连-沙河口区";"10"
734;"日本工作签证--综合销售岗位";"0.8-1.3万/月";"大连新翔教育咨询有限公司";"大连-沙河口区";"10"
735;"日本工作签证--综合销售岗位";"0.8-1.3万/月";"大连新翔教育咨询有限公司";"大连-沙河口区";"10"
736;"日本工作签证--综合销售岗位";"0.8-1.3万/月";"大连新翔教育咨询有限公司";"大连-沙河口区";"10"
737;"日本工作签证--综合销售岗位";"0.8-1.3万/月";"大连新翔教育咨询有限公司";"大连-沙河口区";"10"
738;"日本工作签证--综合销售岗位";"0.8-1.3万/月";"大连新翔教育咨询有限公司";"大连-沙河口区";"10"
739;"日本工作签证--综合销售岗位";"0.8-1.3万/月";"大连新翔教育咨询有限公司";"大连-沙河口区";"10"
740;"日本工作签证--综合销售岗位";"0.8-1.3万/月";"大连新翔教育咨询有限公司";"大连-沙河口区";"10"
741;"日本工作签证--综合销售岗位";"0.8-1.3万/月";"大连新翔教育咨询有限公司";"大连-沙河口区";"10"
742;"日本工作签证--综合销售岗位";"0.8-1.3万/月";"大连新翔教育咨询有限公司";"大连-沙河口区";"10"
743;"日本工作签证--综合销售岗位";"0.8-1.3万/月";"大连新翔教育咨询有限公司";"大连-沙河口区";"10"
744;"日本工作签证--综合销售岗位";"0.8-1.3万/月";"大连新翔教育咨询有限公司";"大连-沙河口区";"10"
745;"日本工作签证--综合销售岗位";"0.8-1.3万/月";"大连新翔教育咨询有限公司";"大连-沙河口区";"10"
746;"日本工作签证--综合销售岗位";"0.8-1.3万/月";"大连新翔教育咨询有限公司";"大连-沙河口区";"10"
747;"日本工作签证--综合销售岗位";"0.8-1.3万/月";"大连新翔教育咨询有限公司";"大连-沙河口区";"10"
748;"日本工作签证--综合销售岗位";"0.8-1.3万/月";"大连新翔教育咨询有限公司";"大连-沙河口区";"10"
749;"日本工作签证--综合销售岗位";"0.8-1.3万/月";"大连新翔教育咨询有限公司";"大连-沙河口区";"10"
750;"日本工作签证--综合销售岗位";"0.8-1.3万/月";"大连新翔教育咨询有限公司";"大连-沙河口区";"10"
751;"Unity3D游戏开发工程师";"2-3万/月";"大连亚天德商务咨询有限公司";"济南";"2"
752;"日语翻译";"3.5-4千/月";"无锡德望科荣科技系统有限公司";"无锡-滨湖区";"1"
753;"C++软件开发工程师（外派 本市）";"0.8-1万/月";"无锡德望科荣科技系统有限公司";"无锡-无锡新区";"3"
754;".NET高级工程师";"6-8千/月";"无锡德望科荣科技系统有限公司";"无锡-滨湖区";"3"
755;"软件工程师";"6-8千/月";"无锡德望科荣科技系统有限公司";"无锡-滨湖区";"若干"
756;"JAVA工程师";"0.8-1万/月";"无锡德望科荣科技系统有限公司";"无锡-滨湖区";"3"
757;"办公室文员（日语担当）";"3-4.5千/月";"大连通远对外劳务合作有限公司";"大连";"2"
758;"高级开发工程师";"4-9千/月";"沈阳探路者科技有限公司";"沈阳-铁西区";"5"
759;"初级开发工程师";"3-5千/月";"沈阳探路者科技有限公司";"沈阳-铁西区";"5"
760;"知名教育机构日本就职项目经理";"1.3-2万/月";"万宝盛华企业管理咨询（上海）有限公司";"上海-徐汇区";"1"
761;"丰田体系物流担当（日语必须）";"4.5-6千/月";"同方环球（天津）物流有限公司";"广州";"2"
762;"2019届/对日软件开发/JAVA/前端/.NET/COBOL（可实习）";"5-7千/月";"江苏海隆软件技术有限公司";"南京-鼓楼区";"50"
763;"对日/日本项目软件开发工程师/JAVA/前端/.NET/COBOL";"4-8千/月";"江苏海隆软件技术有限公司";"南京-鼓楼区";"若干"
764;"对日研发工程师（急聘）";"0.8-1万/月";"江苏海隆软件技术有限公司";"南京-鼓楼区";"若干"
765;"日语业务担当";"3-6千/月";"南通桑原纺织品检验有限公司";"烟台";"1"
766;"日语担当";"3-6千/月";"南通桑原纺织品检验有限公司";"南通";"2"
767;"料理授课讲师（有无经验均可）";"3-4.5千/月";"河南引尚资商贸有限公司";"郑州-金水区";"若干"
768;"烘焙讲师（有无经验均可）";"4.5-6千/月";"河南引尚资商贸有限公司";"郑州-金水区";"若干"
769;"营运部助理/担当（日系女装零售企业）";"4.5-6千/月";"露妮商贸（上海）有限公司";"上海";"1"
770;"店员/营业员/导购/店长RENAI KEIKAKU恋爱计画日系女装";"0.5-1.2万/月";"露妮商贸（上海）有限公司";"上海-徐汇区";"若干"
771;"对日软件工程师（JAVA方向）";"4-8千/月";"济南讯和信息技术有限公司";"济南-高新区";"2"
772;"对日软件工程师（COBOL方向）";"4-9千/月";"济南讯和信息技术有限公司";"济南-高新区";"若干"
773;"日语BPO";"3-5千/月";"济南讯和信息技术有限公司";"济南-高新区";"2"
774;"对日高级软件工程师";"6-8千/月";"济南讯和信息技术有限公司";"济南-高新区";"1"
775;"对日软件工程师";"4.5-6千/月";"济南讯和信息技术有限公司";"济南";"若干"
776;"日语教师";"3-5千/月";"大连信业达职业培训学校";"大连-甘井子区";"若干"
777;"日语教师";"3.5-5千/月";"大连信业达职业培训学校";"大连-甘井子区";"若干"
778;"美容咨询顾问  8K(职位编号：NC180725)";"5-8千/月";"上海恒封密封制品有限公司";"上海";"若干"
779;"日式美容咨询顾问（会日语优先有经验优先）(职位编号：NC180725)";"5-8千/月";"上海恒封密封制品有限公司";"上海";"若干"
780;"奢侈品店日语营业";"1-1.5万/月";"辽宁政通对外劳务经济合作有限公司";"沈阳-沈河区";"50"
781;"电信营业厅日语翻译";"1-1.5万/月";"辽宁政通对外劳务经济合作有限公司";"沈阳-沈河区";"50"
782;"电信营业厅日语翻译";"1-1.5万/月";"辽宁政通对外劳务经济合作有限公司";"沈阳-沈河区";"50"
783;"电信营业厅日语翻译";"1-1.5万/月";"辽宁政通对外劳务经济合作有限公司";"沈阳-沈河区";"50"
784;"日企管理部/人事部部长（日语流利）(职位编号：FC181010)";"1-1.5万/月";"上海恒封密封制品有限公司";"上海";"若干"
785;"奢侈品店日语营业";"1-1.5万/月";"辽宁政通对外劳务经济合作有限公司";"沈阳-沈河区";"50"
786;"奢侈品店日语营业";"1-1.5万/月";"辽宁政通对外劳务经济合作有限公司";"沈阳-沈河区";"50"
787;"奢侈品店日语营业";"1-1.5万/月";"辽宁政通对外劳务经济合作有限公司";"沈阳-沈河区";"50"
788;"奢侈品店日语营业";"1-1.5万/月";"辽宁政通对外劳务经济合作有限公司";"沈阳-沈河区";"50"
789;"奢侈品店日语营业";"1-1.5万/月";"辽宁政通对外劳务经济合作有限公司";"沈阳-沈河区";"50"
790;"奢侈品店日语营业";"1-1.5万/月";"辽宁政通对外劳务经济合作有限公司";"沈阳-沈河区";"50"
791;"奢侈品店日语营业";"1-1.5万/月";"辽宁政通对外劳务经济合作有限公司";"沈阳-沈河区";"50"
792;"奢侈品店日语营业";"1-1.5万/月";"辽宁政通对外劳务经济合作有限公司";"沈阳-沈河区";"50"
793;"奢侈品店日语营业";"1-1.5万/月";"辽宁政通对外劳务经济合作有限公司";"沈阳-沈河区";"50"
794;"奢侈品店日语营业";"1-1.5万/月";"辽宁政通对外劳务经济合作有限公司";"沈阳-沈河区";"50"
795;"奢侈品店日语营业";"1-1.5万/月";"辽宁政通对外劳务经济合作有限公司";"沈阳-沈河区";"50"
796;"奢侈品店日语营业";"1-1.5万/月";"辽宁政通对外劳务经济合作有限公司";"沈阳-沈河区";"50"
797;"奢侈品店日语营业";"1-1.5万/月";"辽宁政通对外劳务经济合作有限公司";"沈阳-沈河区";"50"
798;"奢侈品店日语营业";"1-1.5万/月";"辽宁政通对外劳务经济合作有限公司";"沈阳-沈河区";"50"
799;"奢侈品店日语营业";"1-1.5万/月";"辽宁政通对外劳务经济合作有限公司";"沈阳-沈河区";"50"
800;"奢侈品店日语营业";"1-1.5万/月";"辽宁政通对外劳务经济合作有限公司";"沈阳-沈河区";"50"
801;"奢侈品店日语营业";"1-1.5万/月";"辽宁政通对外劳务经济合作有限公司";"沈阳-沈河区";"50"
802;"奢侈品店日语营业";"1-1.5万/月";"辽宁政通对外劳务经济合作有限公司";"沈阳-沈河区";"50"
803;"奢侈品店日语营业";"1-1.5万/月";"辽宁政通对外劳务经济合作有限公司";"沈阳-沈河区";"50"
804;"奢侈品店日语营业";"1-1.5万/月";"辽宁政通对外劳务经济合作有限公司";"沈阳-沈河区";"50"
805;"奢侈品店日语营业";"1-1.5万/月";"辽宁政通对外劳务经济合作有限公司";"沈阳-沈河区";"50"
806;"奢侈品店日语营业";"1-1.5万/月";"辽宁政通对外劳务经济合作有限公司";"沈阳-沈河区";"50"
807;"奢侈品店日语营业";"1-1.5万/月";"辽宁政通对外劳务经济合作有限公司";"沈阳-沈河区";"50"
808;"奢侈品店日语营业";"1-1.5万/月";"辽宁政通对外劳务经济合作有限公司";"沈阳-沈河区";"50"
809;"电信营业厅日语翻译";"1-1.5万/月";"辽宁政通对外劳务经济合作有限公司";"沈阳-沈河区";"50"
810;"电信营业厅日语翻译";"1-1.5万/月";"辽宁政通对外劳务经济合作有限公司";"沈阳-沈河区";"50"
811;"电信营业厅日语翻译";"1-1.5万/月";"辽宁政通对外劳务经济合作有限公司";"沈阳-沈河区";"50"
812;"电信营业厅日语翻译";"1-1.5万/月";"辽宁政通对外劳务经济合作有限公司";"沈阳-沈河区";"50"
813;"电信营业厅日语翻译";"1-1.5万/月";"辽宁政通对外劳务经济合作有限公司";"沈阳-沈河区";"50"
814;"电信营业厅日语翻译";"1-1.5万/月";"辽宁政通对外劳务经济合作有限公司";"沈阳-沈河区";"50"
815;"电信营业厅日语翻译";"1-1.5万/月";"辽宁政通对外劳务经济合作有限公司";"沈阳-沈河区";"50"
816;"电信营业厅日语翻译";"1-1.5万/月";"辽宁政通对外劳务经济合作有限公司";"沈阳-沈河区";"50"
817;"电信营业厅日语翻译";"1-1.5万/月";"辽宁政通对外劳务经济合作有限公司";"沈阳-沈河区";"50"
818;"电信营业厅日语翻译";"1-1.5万/月";"辽宁政通对外劳务经济合作有限公司";"沈阳-沈河区";"50"
819;"电信营业厅日语翻译";"1-1.5万/月";"辽宁政通对外劳务经济合作有限公司";"沈阳-沈河区";"50"
820;"电信营业厅日语翻译";"1-1.5万/月";"辽宁政通对外劳务经济合作有限公司";"沈阳-沈河区";"50"
821;"电信营业厅日语翻译";"1-1.5万/月";"辽宁政通对外劳务经济合作有限公司";"沈阳-沈河区";"50"
822;"电信营业厅日语翻译";"1-1.5万/月";"辽宁政通对外劳务经济合作有限公司";"沈阳-沈河区";"50"
823;"电信营业厅日语翻译";"1-1.5万/月";"辽宁政通对外劳务经济合作有限公司";"沈阳-沈河区";"50"
824;"电信营业厅日语翻译";"1-1.5万/月";"辽宁政通对外劳务经济合作有限公司";"沈阳-沈河区";"50"
825;"电信营业厅日语翻译";"1-1.5万/月";"辽宁政通对外劳务经济合作有限公司";"沈阳-沈河区";"50"
826;"电信营业厅日语翻译";"1-1.5万/月";"辽宁政通对外劳务经济合作有限公司";"沈阳-沈河区";"50"
827;"电信营业厅日语翻译";"1-1.5万/月";"辽宁政通对外劳务经济合作有限公司";"沈阳-沈河区";"50"
828;"电信营业厅日语翻译";"1-1.5万/月";"辽宁政通对外劳务经济合作有限公司";"沈阳-沈河区";"50"
829;"电信营业厅日语翻译";"1-1.5万/月";"辽宁政通对外劳务经济合作有限公司";"沈阳-沈河区";"50"
830;"电信营业厅日语翻译";"1-1.5万/月";"辽宁政通对外劳务经济合作有限公司";"沈阳-沈河区";"50"
831;"护理介护日语翻译";"1-1.5万/月";"辽宁政通对外劳务经济合作有限公司";"沈阳-沈河区";"50"
832;"护理介护日语翻译";"1-1.5万/月";"辽宁政通对外劳务经济合作有限公司";"沈阳-沈河区";"50"
833;"护理介护日语翻译";"1-1.5万/月";"辽宁政通对外劳务经济合作有限公司";"沈阳-沈河区";"50"
834;"护理介护日语翻译";"1-1.5万/月";"辽宁政通对外劳务经济合作有限公司";"沈阳-沈河区";"50"
835;"护理介护日语翻译";"1-1.5万/月";"辽宁政通对外劳务经济合作有限公司";"沈阳-沈河区";"50"
836;"护理介护日语翻译";"1-1.5万/月";"辽宁政通对外劳务经济合作有限公司";"沈阳-沈河区";"50"
837;"护理介护日语翻译";"1-1.5万/月";"辽宁政通对外劳务经济合作有限公司";"沈阳-沈河区";"50"
838;"护理介护日语翻译";"1-1.5万/月";"辽宁政通对外劳务经济合作有限公司";"沈阳-沈河区";"50"
839;"护理介护日语翻译";"1-1.5万/月";"辽宁政通对外劳务经济合作有限公司";"沈阳-沈河区";"50"
840;"护理介护日语翻译";"1-1.5万/月";"辽宁政通对外劳务经济合作有限公司";"沈阳-沈河区";"50"
841;"护理介护日语翻译";"1-1.5万/月";"辽宁政通对外劳务经济合作有限公司";"沈阳-沈河区";"50"
842;"护理介护日语翻译";"1-1.5万/月";"辽宁政通对外劳务经济合作有限公司";"沈阳-沈河区";"50"
843;"护理介护日语翻译";"1-1.5万/月";"辽宁政通对外劳务经济合作有限公司";"沈阳-沈河区";"50"
844;"护理介护日语翻译";"1-1.5万/月";"辽宁政通对外劳务经济合作有限公司";"沈阳-沈河区";"50"
845;"护理介护日语翻译";"1-1.5万/月";"辽宁政通对外劳务经济合作有限公司";"沈阳-沈河区";"50"
846;"护理介护日语翻译";"1-1.5万/月";"辽宁政通对外劳务经济合作有限公司";"沈阳-沈河区";"50"
847;"护理介护日语翻译";"1-1.5万/月";"辽宁政通对外劳务经济合作有限公司";"沈阳-沈河区";"50"
848;"护理介护日语翻译";"1-1.5万/月";"辽宁政通对外劳务经济合作有限公司";"沈阳-沈河区";"50"
849;"护理介护日语翻译";"1-1.5万/月";"辽宁政通对外劳务经济合作有限公司";"沈阳-沈河区";"50"
850;"护理介护日语翻译";"1-1.5万/月";"辽宁政通对外劳务经济合作有限公司";"沈阳-沈河区";"50"
851;"护理介护日语翻译";"1-1.5万/月";"辽宁政通对外劳务经济合作有限公司";"沈阳-沈河区";"50"
852;"护理介护日语翻译";"1-1.5万/月";"辽宁政通对外劳务经济合作有限公司";"沈阳-沈河区";"50"
853;"护理介护日语翻译";"1-1.5万/月";"辽宁政通对外劳务经济合作有限公司";"沈阳-沈河区";"50"
854;"护理介护日语翻译";"1-1.5万/月";"辽宁政通对外劳务经济合作有限公司";"沈阳-沈河区";"50"
855;"SAP项目Leader（FI/CO）";"1-1.5万/月";"野村综研（北京）系统集成有限公司";"大连";"1"
856;"保险项目Leader(大连)";"1-1.5万/月";"野村综研（北京）系统集成有限公司";"大连";"1"
857;"无印良品导购员（就近分配）";"4.5-8千/月";"无印良品（上海）商业有限公司";"南京";"若干"
858;"无印良品导购员（萧山万象汇）";"4-6千/月";"无印良品（上海）商业有限公司";"杭州-萧山区";"若干"
859;"无印良品导购员（光谷世界城）";"4-6千/月";"无印良品（上海）商业有限公司";"武汉-东湖新技术产业开发区";"若干"
860;"西餐厅服务员（东方福莱德）";"4.5-6千/月";"无印良品（上海）商业有限公司";"南京-秦淮区";"若干"
861;"无印良品导购员（就近分配）（无销售性质年底13薪）";"4-6千/月";"无印良品（上海）商业有限公司";"杭州";"若干"
862;"无印良品导购员（东方福莱德）";"4.5-8千/月";"无印良品（上海）商业有限公司";"南京-秦淮区";"若干"
863;"无印良品导购员（南京水游城店）";"4.5-8千/月";"无印良品（上海）商业有限公司";"南京-秦淮区";"若干"
864;"无印良品导购员（杭州滨江宝龙城）";"4-6千/月";"无印良品（上海）商业有限公司";"杭州-滨江区";"若干"
865;"无印良品导购员（就近分配）";"4-6千/月";"无印良品（上海）商业有限公司";"武汉";"若干"
866;"无印良品导购员（就近分配）";"4-6千/月";"无印良品（上海）商业有限公司";"武汉";"若干"
867;"无印良品导购员（万象城店）";"4-6千/月";"无印良品（上海）商业有限公司";"杭州-江干区";"若干"
868;"无印良品导购员（西湖银泰城店）";"4-6千/月";"无印良品（上海）商业有限公司";"杭州-上城区";"若干"
869;"无印良品正式店员（十三薪）";"4-6千/月";"无印良品（上海）商业有限公司";"武汉";"若干"
870;"无印良品餐厅服务员（MUJI Diner淮海755店）";"5-8千/月";"无印良品（上海）商业有限公司";"上海-黄浦区";"若干"
871;"无印良品导购员（北京世贸天阶）";"4.5-8千/月";"无印良品（上海）商业有限公司";"北京-朝阳区";"若干"
872;"无印良品导购员（就近分配）";"4.5-8千/月";"无印良品（上海）商业有限公司";"上海";"若干"
873;"无印良品导购员（淮海旗舰店）";"4.5-8千/月";"无印良品（上海）商业有限公司";"上海-黄浦区";"若干"
874;"无印良品餐厅服务员（中山公园龙之梦）";"5-8千/月";"无印良品（上海）商业有限公司";"上海-长宁区";"若干"
875;"无印良品餐厅服务员（MUJI Diner淮海755店）";"5-8千/月";"无印良品（上海）商业有限公司";"上海-黄浦区";"若干"
876;"无印良品导购员（无销售性质）";"4.5-8千/月";"无印良品（上海）商业有限公司";"北京";"若干"
877;"无印良品餐厅服务员（MUJI Diner淮海755店）";"5-8千/月";"无印良品（上海）商业有限公司";"上海-黄浦区";"若干"
878;"无印良品导购员（北京访）";"4.5-8千/月";"无印良品（上海）商业有限公司";"北京-西城区";"若干"
879;"无印良品餐厅服务员";"5-8千/月";"无印良品（上海）商业有限公司";"上海";"10"
880;"无印良品餐厅服务员（中山公园龙之梦店）";"5-8千/月";"无印良品（上海）商业有限公司";"上海-长宁区";"10"
881;"食其家营业部储备经理";"3.3-4.5千/月";"泉盛餐饮（上海）有限公司";"成都";"5"
882;"食其家工厂储备经理（成都）";"4-6千/月";"泉盛餐饮（上海）有限公司";"成都-青羊区";"5"
883;"食其家储备店长（包吃+双休+五险一金+交通补助）";"3.3-4.5千/月";"泉盛餐饮（上海）有限公司";"成都";"5"
884;"15薪 SAP项目Leader 高薪";"1-1.5万/月";"方正宽带网络服务有限公司大连分公司";"大连-高新园区";"1"
885;"15薪 日语/日文录入 晋升快";"3-5千/月";"方正宽带网络服务有限公司大连分公司";"大连-高新园区";"6"
886;"高薪 日语/日文项目Leader";"1-1.5万/月";"方正宽带网络服务有限公司大连分公司";"大连-高新园区";"若干"
887;"高薪 日语/日文bpo 晋升好";"3.5-6千/月";"方正宽带网络服务有限公司大连分公司";"大连-高新园区";"4"
888;"15薪 高薪日语/日文一级 技术支持";"4.5-7.5千/月";"方正宽带网络服务有限公司大连分公司";"大连";"3"
889;"15薪 高薪日语/日文一级 技术支持";"4.5-7.5千/月";"方正宽带网络服务有限公司大连分公司";"大连-高新园区";"3"
890;"15薪/八险一金日语一级有人事经验";"4.5-7千/月";"方正宽带网络服务有限公司大连分公司";"大连";"2"
891;"高薪 15薪 日文/日语英语BPO";"4.5-7千/月";"方正宽带网络服务有限公司大连分公司";"大连-高新园区";"3"
892;"晋升快 15薪 日语/日文BPO";"3.5-6千/月";"方正宽带网络服务有限公司大连分公司";"大连";"3"
893;"15薪 高薪日语bpo 了解html优先";"3.5-6千/月";"方正宽带网络服务有限公司大连分公司";"大连-高新园区";"3"
894;"高薪 日语一级英语六级BPO 八险一金";"4.5-7千/月";"方正宽带网络服务有限公司大连分公司";"大连-高新园区";"3"
895;"15薪 双休 日语英语BPO 八险一金";"4.5-7千/月";"方正宽带网络服务有限公司大连分公司";"大连-高新园区";"4"
896;"15薪 八险一金 日语/日文一级 人事专员";"4.5-7千/月";"方正宽带网络服务有限公司大连分公司";"大连-高新园区";"4"
897;"高薪 日语/日文bpo 六险一金";"3.5-5.5千/月";"方正宽带网络服务有限公司大连分公司";"大连-高新园区";"5"
898;"13到15薪 日语/日文人事bpo 六险一金";"3.5-5.5千/月";"方正宽带网络服务有限公司大连分公司";"大连";"6"
899;"15薪 SAP项目Leader 高级经理";"1-1.5万/月";"方正宽带网络服务有限公司大连分公司";"大连-高新园区";"若干"
900;"日本各地大型连锁酒店、温泉酒店";"1-1.5万/月";"辽宁语嫣商务信息咨询有限公司";"沈阳-铁西区";"5"
901;"日本各地大型连锁酒店、温泉酒店";"1-1.5万/月";"辽宁语嫣商务信息咨询有限公司";"深圳-福田区";"5"
902;"日本各地大型连锁酒店、温泉酒店";"1-1.5万/月";"辽宁语嫣商务信息咨询有限公司";"上海-黄浦区";"5"
903;"日语机械/电气设计人才";"0.8-1万/月";"辽宁语嫣商务信息咨询有限公司";"西安-西咸新区";"3"
904;"急招日语理工科储备干部（新工厂）";"4.5-6千/月";"辽宁语嫣商务信息咨询有限公司";"合肥-经开区";"2"
905;"日本各地大型连锁酒店、温泉酒店";"1-1.5万/月";"辽宁语嫣商务信息咨询有限公司";"长春-朝阳区";"5"
906;"日本各地大型连锁酒店、温泉酒店";"1-1.5万/月";"辽宁语嫣商务信息咨询有限公司";"哈尔滨-道里区";"5"
907;"日本各地大型连锁酒店、温泉酒店";"1-1.5万/月";"辽宁语嫣商务信息咨询有限公司";"大连-中山区";"5"
908;"日本各地大型连锁酒店、温泉酒店";"1-1.5万/月";"辽宁语嫣商务信息咨询有限公司";"青岛-城阳区";"5"
909;"日本各地大型连锁酒店、温泉酒店";"1-1.5万/月";"辽宁语嫣商务信息咨询有限公司";"宁波-余姚市";"5"
910;"日本各地大型连锁酒店、温泉酒店";"1-1.5万/月";"辽宁语嫣商务信息咨询有限公司";"苏州-工业园区";"15"
911;"日本各地大型连锁酒店、温泉酒店";"1-1.5万/月";"辽宁语嫣商务信息咨询有限公司";"成都-锦江区";"5"
912;"日本各地大型连锁酒店、温泉酒店";"1-1.5万/月";"辽宁语嫣商务信息咨询有限公司";"杭州-余杭区";"5"
913;"日本各地大型连锁酒店、温泉酒店";"1-1.5万/月";"辽宁语嫣商务信息咨询有限公司";"西安-新城区";"5"
914;"日本各地大型连锁酒店、温泉酒店";"1-1.5万/月";"辽宁语嫣商务信息咨询有限公司";"武汉-江汉区";"5"
915;"日本各地大型连锁酒店、温泉酒店";"1-1.5万/月";"辽宁语嫣商务信息咨询有限公司";"南京-建邺区";"5"
916;"日本各地大型连锁酒店、温泉酒店";"1-1.5万/月";"辽宁语嫣商务信息咨询有限公司";"重庆-江北区";"5"
917;"日本各地大型连锁酒店、温泉酒店";"1-1.5万/月";"辽宁语嫣商务信息咨询有限公司";"天津-和平区";"5"
918;"日本各地大型连锁酒店、温泉酒店";"1-1.5万/月";"辽宁语嫣商务信息咨询有限公司";"广州-白云区";"5"
919;"日本各地大型连锁酒店、温泉酒店";"1-1.5万/月";"辽宁语嫣商务信息咨询有限公司";"北京-朝阳区";"5"
920;"日语/日本/翻译/电器店/婚宴/温泉酒店";"1-1.5万/月";"辽宁语嫣商务信息咨询有限公司";"杭州-余杭区";"5"
921;"日语/日本/翻译/电器店/婚宴/温泉酒店";"1-1.5万/月";"辽宁语嫣商务信息咨询有限公司";"南京-建邺区";"5"
922;"日语/日本/翻译/电器店/婚宴/温泉酒店";"1-1.5万/月";"辽宁语嫣商务信息咨询有限公司";"哈尔滨-道里区";"5"
923;"日语/日语翻译/日本/电器店/温泉酒店/机场";"1-1.5万/月";"辽宁语嫣商务信息咨询有限公司";"西安-新城区";"5"
924;"日语/日语翻译/日本/电器店/温泉酒店/机场";"1-1.5万/月";"辽宁语嫣商务信息咨询有限公司";"武汉-江汉区";"5"
925;"日语/日语翻译/日本/电器店/温泉酒店/机场";"1-1.5万/月";"辽宁语嫣商务信息咨询有限公司";"天津-和平区";"5"
926;"日语/日语翻译/日本/电器店/温泉酒店/机场";"1-1.5万/月";"辽宁语嫣商务信息咨询有限公司";"青岛-城阳区";"5"
927;"日语/日语翻译/日本/电器店/温泉酒店/机场";"1-1.5万/月";"辽宁语嫣商务信息咨询有限公司";"济南-历城区";"5"
928;"日语/日语翻译/日本/电器店/温泉酒店/机场";"1-1.5万/月";"辽宁语嫣商务信息咨询有限公司";"长春-朝阳区";"5"
929;"日语/日语翻译/日本/电器店/温泉酒店/机场";"1-1.5万/月";"辽宁语嫣商务信息咨询有限公司";"哈尔滨-道里区";"5"
930;"日语/日语翻译/日本/电器店/温泉酒店/机场";"1-1.5万/月";"辽宁语嫣商务信息咨询有限公司";"大连-中山区";"5"
931;"日语/日语翻译/日本/电器店/温泉酒店/机场";"1-1.5万/月";"辽宁语嫣商务信息咨询有限公司";"沈阳-铁西区";"5"
932;"日语工科设计/售后人才";"1.5-2万/月";"辽宁语嫣商务信息咨询有限公司";"合肥";"5"
933;"日语机械设计/电气人才";"1.5-2万/月";"辽宁语嫣商务信息咨询有限公司";"深圳-光明新区";"5"
934;"15薪/SAP项目Leader/高级经理";"1-1.5万/月";"大连阿甘科技有限公司";"大连";"2"
935;"15薪/高级对日开发项目担当/六险一金";"1-1.5万/月";"大连阿甘科技有限公司";"大连";"2"
936;"高薪日本留过学人员（有日语人事bpo经验）";"4.5-7千/月";"大连阿甘科技有限公司";"大连-高新园区";"2"
937;"15薪/高薪日语bpo/了解html优先";"3.5-6千/月";"大连阿甘科技有限公司";"大连-高新园区";"3"
938;"高薪/15薪/日语/日文/英语BPO";"4.5-7千/月";"大连阿甘科技有限公司";"大连";"3"
939;"15薪/双休/日语英语BPO/八险一金";"4.5-7.5千/月";"大连阿甘科技有限公司";"大连-高新园区";"3"
940;"晋升快/15薪日语/日文BPO";"3.5-6千/月";"大连阿甘科技有限公司";"大连-高新园区";"3"
941;"15薪/高薪日语/日文一级/技术支持";"4.5-7.5千/月";"大连阿甘科技有限公司";"大连";"4"
942;"对日软件工程师";"1.5-2万/月";"上海强辰信息技术有限公司";"上海";"若干"
943;"对日软件工程师";"0.6-1万/月";"上海强辰信息技术有限公司";"武汉-洪山区";"10"
944;"对日软件工程师";"1-2万/月";"上海强辰信息技术有限公司";"上海-杨浦区";"10"
945;"软件工程师";"0.4-1万/月";"上海强辰信息技术有限公司";"武汉-洪山区";"若干"
946;"人力资源主管";"0.5-1万/月";"富士软件科技（山东）有限公司杭州分公司";"杭州-滨江区";"2"
947;"2019年软件开发实习生";"2-4千/月";"富士软件科技（山东）有限公司杭州分公司";"杭州-滨江区";"10"
948;"美容店长";"0.8-1.5万/月";"上海凯拉美容咨询有限公司";"上海-长宁区";"1"
949;"光电仪器操作师（包住8千到1万）";"0.8-1万/月";"上海凯拉美容咨询有限公司";"杭州-上城区";"6"
950;"美容学徒（4K+包住+社保公积金）";"0.8-1万/月";"上海凯拉美容咨询有限公司";"杭州-上城区";"6"
951;"光电仪器操作师（包住8千到1万）";"0.8-1万/月";"上海凯拉美容咨询有限公司";"上海-长宁区";"10"
952;"光电仪器操作师（包住8千到1万）";"0.8-1万/月";"上海凯拉美容咨询有限公司";"南京-鼓楼区";"5"
953;"美容学徒（4K+包住）";"0.8-1万/月";"上海凯拉美容咨询有限公司";"南京-鼓楼区";"5"
954;"光电仪器操作师（8千到1万）";"0.8-1万/月";"上海凯拉美容咨询有限公司";"苏州-姑苏区";"5"
955;"高薪聘美容师（8千到1万）";"0.8-1万/月";"上海凯拉美容咨询有限公司";"苏州-姑苏区";"5"
956;"美容学徒（4K+包住+社保公积金）";"0.8-1万/月";"上海凯拉美容咨询有限公司";"苏州-姑苏区";"5"
957;"美容学徒（提供住宿）";"0.8-1万/月";"上海凯拉美容咨询有限公司";"深圳-福田区";"5"
958;"光电仪器操作师（8千到1万）";"0.8-1万/月";"上海凯拉美容咨询有限公司";"北京-朝阳区";"5"
959;"4千招美容学徒（提供住宿）";"0.8-1万/月";"上海凯拉美容咨询有限公司";"北京-朝阳区";"10"
960;"高薪急聘美容师8千到1万";"0.8-1万/月";"上海凯拉美容咨询有限公司";"北京-朝阳区";"8"
961;"诚聘美容师6千至1万";"0.6-1万/月";"上海凯拉美容咨询有限公司";"深圳";"3"
962;"诚聘美容师6千至1万";"0.6-1万/月";"上海凯拉美容咨询有限公司";"南京-鼓楼区";"3"
963;"诚聘美容师6千至1万";"0.6-1万/月";"上海凯拉美容咨询有限公司";"杭州-上城区";"3"
964;"高薪诚聘美容店长1W+";"0.8-1.5万/月";"上海凯拉美容咨询有限公司";"上海-长宁区";"1"
965;"诚聘美容师6千至1万";"0.6-1万/月";"上海凯拉美容咨询有限公司";"上海-长宁区";"30"
966;"美容学徒6千至1万";"0.6-1万/月";"上海凯拉美容咨询有限公司";"上海-长宁区";"30"
967;"日语导游地接";"1-1.5万/月";"沈阳政通佳益教育咨询有限公司";"沈阳-沈河区";"50"
968;"日语导游地接";"1-1.5万/月";"沈阳政通佳益教育咨询有限公司";"沈阳-沈河区";"50"
969;"日语导游地接";"1-1.5万/月";"沈阳政通佳益教育咨询有限公司";"沈阳-沈河区";"50"
970;"日语导游地接";"1-1.5万/月";"沈阳政通佳益教育咨询有限公司";"沈阳-沈河区";"50"
971;"日语导游地接";"1-1.5万/月";"沈阳政通佳益教育咨询有限公司";"沈阳-沈河区";"50"
972;"日语导游地接";"1-1.5万/月";"沈阳政通佳益教育咨询有限公司";"沈阳-沈河区";"50"
973;"日语导游地接";"1-1.5万/月";"沈阳政通佳益教育咨询有限公司";"沈阳-沈河区";"50"
974;"日语导游地接";"1-1.5万/月";"沈阳政通佳益教育咨询有限公司";"沈阳-沈河区";"50"
975;"日语导游地接";"1-1.5万/月";"沈阳政通佳益教育咨询有限公司";"沈阳-沈河区";"50"
976;"日语导游地接";"1-1.5万/月";"沈阳政通佳益教育咨询有限公司";"沈阳-沈河区";"50"
977;"日语导游地接";"1-1.5万/月";"沈阳政通佳益教育咨询有限公司";"沈阳-沈河区";"50"
978;"日语导游地接";"1-1.5万/月";"沈阳政通佳益教育咨询有限公司";"沈阳-沈河区";"50"
979;"日本就职规划师";"4-6千/月";"沈阳政通佳益教育咨询有限公司";"成都-武侯区";"若干"
980;"日本就职规划师";"4-6千/月";"沈阳政通佳益教育咨询有限公司";"成都-武侯区";"若干"
981;"日本就职规划师";"4-6千/月";"沈阳政通佳益教育咨询有限公司";"成都-武侯区";"若干"
982;"日本就职规划师";"4-6千/月";"沈阳政通佳益教育咨询有限公司";"成都-武侯区";"若干"
983;"日本就职规划师";"4-6千/月";"沈阳政通佳益教育咨询有限公司";"成都-武侯区";"若干"
984;"日本就职规划师";"4-6千/月";"沈阳政通佳益教育咨询有限公司";"成都-武侯区";"若干"
985;"日本就职规划师";"4-6千/月";"沈阳政通佳益教育咨询有限公司";"成都-武侯区";"若干"
986;"日本就职规划师";"4-6千/月";"沈阳政通佳益教育咨询有限公司";"成都-武侯区";"若干"
987;"日本就职规划师";"4-6千/月";"沈阳政通佳益教育咨询有限公司";"成都-武侯区";"若干"
988;"日本就职规划师";"4-6千/月";"沈阳政通佳益教育咨询有限公司";"成都-武侯区";"若干"
989;"日本就职规划师";"4-6千/月";"沈阳政通佳益教育咨询有限公司";"成都-武侯区";"若干"
990;"日本就职规划师";"4-6千/月";"沈阳政通佳益教育咨询有限公司";"成都-武侯区";"若干"
991;"日本就职规划师";"4-6千/月";"沈阳政通佳益教育咨询有限公司";"成都-武侯区";"若干"
992;"日本就职规划师";"4-6千/月";"沈阳政通佳益教育咨询有限公司";"成都-武侯区";"若干"
993;"日本就职规划师";"4-6千/月";"沈阳政通佳益教育咨询有限公司";"成都-武侯区";"若干"
994;"日本就职规划师";"4-6千/月";"沈阳政通佳益教育咨询有限公司";"成都-武侯区";"若干"
995;"日本就职规划师";"4-6千/月";"沈阳政通佳益教育咨询有限公司";"成都-武侯区";"若干"
996;"日本就职规划师";"4-6千/月";"沈阳政通佳益教育咨询有限公司";"成都-武侯区";"若干"
997;"日本就职规划师";"4-6千/月";"沈阳政通佳益教育咨询有限公司";"成都-武侯区";"若干"
998;"日本就职规划师";"4-6千/月";"沈阳政通佳益教育咨询有限公司";"成都-武侯区";"若干"
999;"日本就职规划师";"4-6千/月";"沈阳政通佳益教育咨询有限公司";"成都-武侯区";"若干"
1000;"日本就职规划师";"4-6千/月";"沈阳政通佳益教育咨询有限公司";"成都-武侯区";"若干"
1001;"日本就职规划师";"4-6千/月";"沈阳政通佳益教育咨询有限公司";"成都-武侯区";"若干"
1002;"日本就职规划师";"4-6千/月";"沈阳政通佳益教育咨询有限公司";"成都-武侯区";"若干"
1003;"日本就职规划师";"4-6千/月";"沈阳政通佳益教育咨询有限公司";"成都-武侯区";"若干"
1004;"日本就职规划师";"4-6千/月";"沈阳政通佳益教育咨询有限公司";"成都-武侯区";"若干"
1005;"日语导游地接";"1-1.5万/月";"沈阳政通佳益教育咨询有限公司";"沈阳-沈河区";"50"
1006;"日语导游地接";"1-1.5万/月";"沈阳政通佳益教育咨询有限公司";"沈阳-沈河区";"50"
1007;"日语导游地接";"1-1.5万/月";"沈阳政通佳益教育咨询有限公司";"沈阳-沈河区";"50"
1008;"日语导游地接";"1-1.5万/月";"沈阳政通佳益教育咨询有限公司";"沈阳-沈河区";"50"
1009;"日语导游地接";"1-1.5万/月";"沈阳政通佳益教育咨询有限公司";"沈阳-沈河区";"50"
1010;"日语导游地接";"1-1.5万/月";"沈阳政通佳益教育咨询有限公司";"沈阳-沈河区";"50"
1011;"日语导游地接";"1-1.5万/月";"沈阳政通佳益教育咨询有限公司";"沈阳-沈河区";"50"
1012;"日语导游地接";"1-1.5万/月";"沈阳政通佳益教育咨询有限公司";"沈阳-沈河区";"50"
1013;"日语导游地接";"1-1.5万/月";"沈阳政通佳益教育咨询有限公司";"沈阳-沈河区";"50"
1014;"日语导游地接";"1-1.5万/月";"沈阳政通佳益教育咨询有限公司";"沈阳-沈河区";"50"
1015;"日语导游地接";"1-1.5万/月";"沈阳政通佳益教育咨询有限公司";"沈阳-沈河区";"50"
1016;"日语导游地接";"1-1.5万/月";"沈阳政通佳益教育咨询有限公司";"沈阳-沈河区";"50"
1017;"日语导游地接";"1-1.5万/月";"沈阳政通佳益教育咨询有限公司";"沈阳-沈河区";"50"
1018;"日语导游地接";"1-1.5万/月";"沈阳政通佳益教育咨询有限公司";"沈阳-沈河区";"50"
1019;"对日项目组长";"0.8-1万/月";"迈思腾科技（武汉）有限公司";"武汉";"若干"
1020;"对日项目经理";"1-1.5万/月";"迈思腾科技（武汉）有限公司";"武汉";"若干"
1021;"Java中级开发工程师";"0.6-1.5万/月";"长春斯纳欧软件有限公司";"长春";"6"
1022;"Java中级开发工程师";"0.6-1.5万/月";"长春斯纳欧软件有限公司";"长春";"6"
1023;"JAVA中级开发工程师(职位编号：1)";"5-8千/月";"长春斯纳欧软件有限公司";"长春";"10"
1024;"JAVA软件开发工程师(职位编号：1)";"6-8千/月";"长春斯纳欧软件有限公司";"长春";"5"
1025;"对日项目经理（PM）";"15-20万/年";"大连和众信拓科技有限公司";"大连";"若干"
1026;"对日项目组长（TL）";"10-15万/年";"大连和众信拓科技有限公司";"大连";"若干"
1027;"对日java/.net软件工程师（SE）";"10-15万/年";"大连和众信拓科技有限公司";"大连";"若干"
1028;"项目负责人";"0.8-1.6万/月";"爱发科豪威光电薄膜科技（深圳）有限公司";"深圳-南山区";"若干"
1029;"品质专员";"0.6-1万/月";"爱发科豪威光电薄膜科技（深圳）有限公司";"深圳-南山区";"2"
1030;"销售代表(日语）(职位编号：005)";"6-8千/月";"浙江春芽科技有限公司";"杭州-拱墅区";"10"
1031;"电话销售";"3.5-5千/月";"浙江春芽科技有限公司";"杭州-拱墅区";"若干"
1032;"教学产品经理";"1-1.5万/月";"未名天（北京）教育科技有限公司";"北京";"1"
1033;"海外劳务项目主管/经理（日本）";"0.8-1.5万/月";"未名天（北京）教育科技有限公司";"北京";"1"
1034;"日企就业项目经理/主管";"0.8-1.5万/月";"未名天（北京）教育科技有限公司";"北京";"1"
1035;"007-市场营销专员/市场拓展专员(职位编号：007)";"6-8千/月";"广州科盈化妆品有限公司";"广州-天河区";"6"
1036;"002-文案策划(职位编号：002)";"6-8千/月";"广州科盈化妆品有限公司";"广州";"2"
1037;"未名天业务产品经理";"1.2-1.7万/月";"未名天（北京）教育科技有限公司";"北京";"1"
1038;"日语人事BPO";"4.5-6千/月";"大连东康信息服务有限公司";"大连-高新园区";"若干"
1039;"物流担当（非日语）";"4.5-6千/月";"同方环球（天津）物流有限公司";"天津-滨海新区";"2"
1040;"丰田体系物流担当";"4.5-6千/月";"同方环球（天津）物流有限公司";"广州";"2"
1041;"店员/导购（福州）";"3.2-3.8千/月";"外婆家餐饮集团有限公司";"福州";"2"
1042;"店员/导购（厦门）";"3.2-3.8千/月";"外婆家餐饮集团有限公司";"厦门";"2"
1043;"CAD绘图员（急聘）";"4-6千/月";"艾博科建筑设备设计（深圳）有限公司";"深圳-宝安区";"10"
1044;"CAD绘图员（急聘）";"4-6千/月";"艾博科建筑设备设计（深圳）有限公司";"深圳-宝安区";"10"
1045;"证券投资基金信息披露业务专员（对日BPO）";"4-5千/月";"大连成信科技有限公司";"大连-高新园区";"10"
1046;"日语流程专员（金融方向）";"4-5千/月";"大连成信科技有限公司";"大连-高新园区";"10"
1047;"Java,C语言，.net 软件工程师";"1.5-3万/月";"大连竹易教育科技有限公司";"哈尔滨";"10"
1048;"C#.NET 对日软件开发工程师";"1.5-3万/月";"大连竹易教育科技有限公司";"大连-高新园区";"若干"
1049;"对外汉语教师（地铁3分交通方便）(职位编号：5)";"50元/小时";"上海远惠文化传播有限公司";"上海-长宁区";"若干"
1050;"全职对外汉语学校教师(职位编号：1)";"5-8千/月";"上海远惠文化传播有限公司";"上海-长宁区";"3"
1051;"日语客户咨询";"0.8-1万/月";"才望子信息技术（上海）有限公司";"上海-长宁区";"2"
1052;"营业助理/日语翻译(内勤)";"4.2-5.5千/月";"才望子信息技术（上海）有限公司";"上海";"1"
1053;"对日高级软件工程师（SE）-无锡-日语";"1-1.5万/月";"上海提浜克企业管理有限公司";"无锡";"1"
1054;"美容（美体）师(职位编号：001)";"0.6-1.2万/月";"诗纾雅（上海）美容企业管理有限公司";"上海-静安区";"1"
1055;"日语翻译";"6-8千/月";"牧田（中国）有限公司";"昆山";"1"
1056;"IOS开发工程师 长期出差(职位编号：004)";"1-3万/月";"西安未都网络科技有限公司";"西安-高新技术产业开发区";"若干"
1057;"程序员（应届毕业生）";"3.5-4.8千/月";"松下信息系�y（上海）有限公司";"无锡";"25"
1058;"对日软件工程师（BSE）";"1-2万/月";"松下信息系�y（上海）有限公司";"无锡";"2"
1059;"PHP软件工程师（高级）";"0.6-1.2万/月";"西安英兆软件信息有限责任公司";"西安-高新技术产业开发区";"3"
1060;"日本工签――温泉酒店前台接待年收15万左右）";"1-1.5万/月";"大连新翔教育咨询有限公司";"大连";"20"
1061;"日本工签――温泉酒店前台接待年收15万左右）";"1-1.5万/月";"大连新翔教育咨询有限公司";"大连";"20"
1062;"日本工签――温泉酒店前台接待年收15万左右）";"1-1.5万/月";"大连新翔教育咨询有限公司";"大连";"20"
1063;"日本工签――温泉酒店前台接待年收15万左右）";"1-1.5万/月";"大连新翔教育咨询有限公司";"大连";"20"
1064;"日本工签――温泉酒店前台接待年收15万左右）";"1-1.5万/月";"大连新翔教育咨询有限公司";"大连";"20"
1065;"日本工签――温泉酒店前台接待年收15万左右）";"1-1.5万/月";"大连新翔教育咨询有限公司";"大连";"20"
1066;"日本工签――温泉酒店前台接待年收15万左右）";"1-1.5万/月";"大连新翔教育咨询有限公司";"大连";"20"
1067;"日本工签――温泉酒店前台接待年收15万左右）";"1-1.5万/月";"大连新翔教育咨询有限公司";"大连";"20"
1068;"日本工签――温泉酒店前台接待年收15万左右）";"1-1.5万/月";"大连新翔教育咨询有限公司";"大连";"20"
1069;"日本工签――温泉酒店前台接待年收15万左右）";"1-1.5万/月";"大连新翔教育咨询有限公司";"大连";"20"
1070;"日本工签――温泉酒店前台接待年收15万左右）";"1-1.5万/月";"大连新翔教育咨询有限公司";"大连";"20"
1071;"日本工签――温泉酒店前台接待年收15万左右）";"1-1.5万/月";"大连新翔教育咨询有限公司";"大连";"20"
1072;"日本工签――温泉酒店前台接待年收15万左右）";"1-1.5万/月";"大连新翔教育咨询有限公司";"大连";"20"
1073;"日本工签――温泉酒店前台接待年收15万左右）";"1-1.5万/月";"大连新翔教育咨询有限公司";"大连";"20"
1074;"日本工签――温泉酒店前台接待年收15万左右）";"1-1.5万/月";"大连新翔教育咨询有限公司";"大连";"20"
1075;"日本工签――温泉酒店前台接待年收15万左右）";"1-1.5万/月";"大连新翔教育咨询有限公司";"大连";"20"
1076;"日本工签――温泉酒店前台接待年收15万左右）";"1-1.5万/月";"大连新翔教育咨询有限公司";"大连";"20"
1077;"日本工签――温泉酒店前台接待年收15万左右）";"1-1.5万/月";"大连新翔教育咨询有限公司";"大连";"20"
1078;"日本工签――温泉酒店前台接待年收15万左右）";"1-1.5万/月";"大连新翔教育咨询有限公司";"大连";"20"
1079;"日本工签――温泉酒店前台接待年收15万左右）";"1-1.5万/月";"大连新翔教育咨询有限公司";"大连";"20"
1080;"日本工签――温泉酒店前台接待年收15万左右）";"1-1.5万/月";"大连新翔教育咨询有限公司";"大连";"20"
1081;"日本工签――温泉酒店前台接待年收15万左右）";"1-1.5万/月";"大连新翔教育咨询有限公司";"大连";"20"
1082;"日本工签――温泉酒店前台接待年收15万左右）";"1-1.5万/月";"大连新翔教育咨询有限公司";"大连";"20"
1083;"日本工签――温泉酒店前台接待年收15万左右）";"1-1.5万/月";"大连新翔教育咨询有限公司";"大连";"20"
1084;"日本工签――温泉酒店前台接待年收15万左右）";"1-1.5万/月";"大连新翔教育咨询有限公司";"大连";"20"
1085;"日本工签――温泉酒店前台接待年收15万左右）";"1-1.5万/月";"大连新翔教育咨询有限公司";"大连";"20"
1086;"日本工作签―免税店店员，年收18万左右";"1-1.5万/月";"大连新翔教育咨询有限公司";"大连";"20"
1087;"日本工作签―免税店店员，年收18万左右";"1-1.5万/月";"大连新翔教育咨询有限公司";"大连";"20"
1088;"日本工作签―免税店店员，年收18万左右";"1-1.5万/月";"大连新翔教育咨询有限公司";"大连";"20"
1089;"日本工作签―免税店店员，年收18万左右";"1-1.5万/月";"大连新翔教育咨询有限公司";"大连";"20"
1090;"日本工作签―免税店店员，年收18万左右";"1-1.5万/月";"大连新翔教育咨询有限公司";"大连";"20"
1091;"日本工作签―免税店店员，年收18万左右";"1-1.5万/月";"大连新翔教育咨询有限公司";"大连";"20"
1092;"日本工作签―免税店店员，年收18万左右";"1-1.5万/月";"大连新翔教育咨询有限公司";"大连";"20"
1093;"日本工作签―免税店店员，年收18万左右";"1-1.5万/月";"大连新翔教育咨询有限公司";"大连";"20"
1094;"日本工作签―免税店店员，年收18万左右";"1-1.5万/月";"大连新翔教育咨询有限公司";"大连";"20"
1095;"日本工作签―免税店店员，年收18万左右";"1-1.5万/月";"大连新翔教育咨询有限公司";"大连";"20"
1096;"日本工作签―免税店店员，年收18万左右";"1-1.5万/月";"大连新翔教育咨询有限公司";"大连";"20"
1097;"日本工作签―免税店店员，年收18万左右";"1-1.5万/月";"大连新翔教育咨询有限公司";"大连";"20"
1098;"日本工作签―免税店店员，年收18万左右";"1-1.5万/月";"大连新翔教育咨询有限公司";"大连";"20"
1099;"日本工作签―免税店店员，年收18万左右";"1-1.5万/月";"大连新翔教育咨询有限公司";"大连";"20"
1100;"日本工作签―免税店店员，年收18万左右";"1-1.5万/月";"大连新翔教育咨询有限公司";"大连";"20"
1101;"日本工作签―免税店店员，年收18万左右";"1-1.5万/月";"大连新翔教育咨询有限公司";"大连";"20"
1102;"日本工作签―免税店店员，年收18万左右";"1-1.5万/月";"大连新翔教育咨询有限公司";"大连";"20"
1103;"日本工作签―免税店店员，年收18万左右";"1-1.5万/月";"大连新翔教育咨询有限公司";"大连";"20"
1104;"日本工作签―免税店店员，年收18万左右";"1-1.5万/月";"大连新翔教育咨询有限公司";"大连";"20"
1105;"日本工作签―免税店店员，年收18万左右";"1-1.5万/月";"大连新翔教育咨询有限公司";"大连";"20"
1106;"日本工作签―免税店店员，年收18万左右";"1-1.5万/月";"大连新翔教育咨询有限公司";"大连";"20"
1107;"日本工作签―免税店店员，年收18万左右";"1-1.5万/月";"大连新翔教育咨询有限公司";"大连";"20"
1108;"日本工作签―免税店店员，年收18万左右";"1-1.5万/月";"大连新翔教育咨询有限公司";"大连";"20"
1109;"日语网络工程师";"1.3-3万/月";"创译科技（大连）有限公司";"大连-高新园区";"若干"
1110;"日语网络工程师";"1.3-3万/月";"创译科技（大连）有限公司";"大连-高新园区";"若干"
1111;"日语网络工程师";"1.3-3万/月";"创译科技（大连）有限公司";"大连-高新园区";"50"
1112;"日语网络工程师（会日语，网络零基础也可以）";"1.3-3万/月";"创译科技（大连）有限公司";"大连-高新园区";"50"
1113;"日语网络工程师（会日语，网络零基础也可以）";"1.3-3万/月";"创译科技（大连）有限公司";"大连-高新园区";"50"
1114;"日语网络工程师（会日语，网络零基础也可以）";"1.3-3万/月";"创译科技（大连）有限公司";"大连-高新园区";"50"
1115;"日语网络工程师（会日语，网络零基础也可以）";"1.3-3万/月";"创译科技（大连）有限公司";"大连-高新园区";"50"
1116;"日语网络工程师（会日语，网络零基础也可以）";"1.3-3万/月";"创译科技（大连）有限公司";"大连-高新园区";"50"
1117;"日语网络工程师（会日语，网络零基础也可以）";"1.3-3万/月";"创译科技（大连）有限公司";"大连-高新园区";"50"
1118;"日语专业应届网络工程师（会日语零基础就行）";"1.3-3万/月";"创译科技（大连）有限公司";"大连-高新园区";"若干"
1119;"日语网络工程师";"1.3-3万/月";"创译科技（大连）有限公司";"大连-高新园区";"若干"
1120;"物流管理担当";"6-8千/月";"捷太格特（中国）投资有限公司";"上海-长宁区";"1"
1121;"原价管理担当";"6-8千/月";"捷太格特（中国）投资有限公司";"上海-长宁区";"1"
1122;"外贸担当";"3.7-6千/月";"南通优格贸易有限公司";"南通";"4"
1123;"电商采购员（日贸）";"3.7-6千/月";"南通优格贸易有限公司";"南通";"2"
1124;"服装跟单员(日贸）";"3.7-6千/月";"南通优格贸易有限公司";"南通";"5"
1125;"IT系统工程师(编号99098)";"4.3-5.2千/月";"上海艾杰飞人力资源有限公司";"天津";"1"
1126;"日企营业担当(编号95692) 日语必须";"5.4-6.4千/月";"上海艾杰飞人力资源有限公司";"北京";"1"
1127;"营业担当(编号101803) 日语必须";"4.5-6千/月";"上海艾杰飞人力资源有限公司";"深圳";"2"
1128;"生产管理(编号103050) 日语必须";"0.4-1万/月";"上海艾杰飞人力资源有限公司";"佛山";"1"
1129;"日语翻译(编号103125) 日语必须";"0.8-1.5万/月";"上海艾杰飞人力资源有限公司";"北京";"1"
1130;"人事总务担当(编号100217) 日语必须";"6-8千/月";"上海艾杰飞人力资源有限公司";"上海";"1"
1131;"日语翻译(编号99825) 日语必须";"5-8千/月";"上海艾杰飞人力资源有限公司";"常熟";"1"
1132;"日企品质管理助理(编号97976) 日语必须";"5-6千/月";"上海艾杰飞人力资源有限公司";"北京";"1"
1133;"日企经营企划部助理(编号97289) 日语必须";"6-6.5千/月";"上海艾杰飞人力资源有限公司";"北京";"1"
1134;"销售专员(编号102435)";"6-9千/月";"上海艾杰飞人力资源有限公司";"大连";"1"
1135;"软件开发项目leader(编号103376) 日语英语必须";"1-2万/月";"上海艾杰飞人力资源有限公司";"苏州";"1"
1136;".NET开发工程师";"1.5-2.5万/月";"杭州冈山信息科技有限公司";"杭州-滨江区";"5"
1137;"日语教师";"3-4.5千/月";"青岛知行国际经济技术合作有限公司";"青岛-城阳区";"2"
1138;"广州一幸舍日本拉面店厨房";"3-4.5千/月";"广州市一幸舍餐饮有限公司";"广州-天河区";"5"
1139;"C#/C++开发工程师(公积金双休）";"5-8千/月";"奥奈斯特（宁波）软件技术有限公司";"宁波";"1"
1140;"技术支持工程师";"4.5-6千/月";"纪州喷码技术（上海）有限公司";"太原";"1"
1141;"销售工程师";"6-8千/月";"纪州喷码技术（上海）有限公司";"北京-丰台区";"2"
1142;"区域销售经理（南京）";"1.5-2万/月";"日世（中国）投资有限公司";"南京";"1"
1143;"美容（美体）师";"4.5-5.9千/月";"诗纾雅（上海）美容企业管理有限公司";"青岛-市南区";"2"
1144;"美容美体师（青岛）";"4-8千/月";"诗纾雅（上海）美容企业管理有限公司";"青岛-市南区";"2"
1145;"销售跟单";"4.5-6千/月";"广州科盈化妆品有限公司";"广州";"2"
1146;"化妆品文案/策划";"4-7千/月";"广州科盈化妆品有限公司";"广州";"1"
1147;"品质工程师";"4.5-6千/月";"广州科盈化妆品有限公司";"广州";"2"
1148;"跟单员(职位编号：004)";"4.5-6千/月";"广州科盈化妆品有限公司";"广州";"3"
1149;"项目经理";"0.8-1万/月";"纪州喷码技术（上海）有限公司";"上海-松江区";"若干"
1150;"销售工程师";"6-8千/月";"纪州喷码技术（上海）有限公司";"长沙-芙蓉区";"若干"
1151;"免税店导购招聘";"1.5-2千/月";"大连新翔教育咨询有限公司";"大连-沙河口区";"20"
1152;"免税店高薪诚聘职员";"1.5-2千/月";"大连新翔教育咨询有限公司";"大连-沙河口区";"若干"
1153;"机械工作招募";"1.5千以下/月";"大连新翔教育咨询有限公司";"大连-沙河口区";"20"
1154;"无日语要求免税店导购";"1.5-2千/月";"大连新翔教育咨询有限公司";"大连-沙河口区";"20"
1155;"高薪诚聘免税店销售";"1.5-2千/月";"大连新翔教育咨询有限公司";"大连-沙河口区";"30"
1156;"金牌免税店导购";"1.5-2千/月";"大连新翔教育咨询有限公司";"大连-沙河口区";"30"
1157;"无日语要求免税店销售代表";"1-1.5万/月";"大连新翔教育咨询有限公司";"大连-沙河口区";"20"
1158;"机械高薪诚聘职员";"1.5-2千/月";"大连新翔教育咨询有限公司";"大连-沙河口区";"10"
1159;"高薪诚聘机械人员";"1.5-2千/月";"大连新翔教育咨询有限公司";"大连-沙河口区";"10"
1160;"高薪诚聘免税店销售员";"1-1.5万/月";"大连新翔教育咨询有限公司";"大连-沙河口区";"20"
1161;"酒店前台招聘包吃住";"1-1.5万/月";"大连新翔教育咨询有限公司";"大连-沙河口区";"20"
1162;"温泉酒店接待包吃住3月面试";"1-1.5万/月";"大连新翔教育咨询有限公司";"大连-沙河口区";"10"
1163;"急招酒店接待3月视频面试";"1-1.5万/月";"大连新翔教育咨询有限公司";"大连-沙河口区";"2"
1164;"建筑工程监管岗位";"1.5-2千/月";"大连新翔教育咨询有限公司";"大连-沙河口区";"10"
1165;"免住宿免税店急招";"1.5-2千/月";"大连新翔教育咨询有限公司";"大连-沙河口区";"10"
1166;"高薪诚聘日企经理助理职位";"1-1.5万/月";"大连新翔教育咨询有限公司";"大连-沙河口区";"2"
1167;"酒店接待3月20日面试";"1-1.5万/月";"大连新翔教育咨询有限公司";"大连-沙河口区";"若干"
1168;"***白天对日中文老师";"150元/天";"上海远惠文化传播有限公司";"上海-长宁区";"若干"
1169;"高级对日BPO专员";"5-6.5千/月";"大连信维科技有限公司";"大连";"2"
1170;"售前售后工程师";"4.5-6千/月";"纪州喷码技术（上海）有限公司";"北京-丰台区";"若干"
1171;"2019届网络工程实习生招聘[济南]";"3.5-4.5千/月";"富士软件科技（山东）有限公司";"济南-高新区";"2"
1172;"2019年软件实习生";"1.5-4.5千/月";"富士软件科技（山东）有限公司";"济南-高新区";"40"
1173;"对日PL";"1.5-2万/月";"北京日立北工大信息系统有限公司";"北京-朝阳区";"若干"
1174;"对日COBOL软件工程师";"0.6-1.5万/月";"北京日立北工大信息系统有限公司";"北京-朝阳区";"1"
1175;"日本（翻译、肋理、文职、销售、酒店）";"1-1.5万/月";"成都世宗学堂教育咨询有限责任公司";"成都-锦江区";"若干"
1176;"日本（翻译、肋理、文职、销售、酒店）";"1-1.5万/月";"成都世宗学堂教育咨询有限责任公司";"成都-锦江区";"若干"
1177;"日本（翻译、肋理、文职、销售、酒店）";"1-1.5万/月";"成都世宗学堂教育咨询有限责任公司";"成都-锦江区";"若干"
1178;"日本（翻译、肋理、文职、销售、酒店）";"1-1.5万/月";"成都世宗学堂教育咨询有限责任公司";"成都-锦江区";"若干"
1179;"日本酒店3个月实习";"0.8-1万/月";"成都世宗学堂教育咨询有限责任公司";"成都-锦江区";"20"
1180;"日本酒店3个月实习";"0.8-1万/月";"成都世宗学堂教育咨询有限责任公司";"成都-锦江区";"20"
1181;"日本酒店3个月实习";"0.8-1万/月";"成都世宗学堂教育咨询有限责任公司";"成都-锦江区";"20"
1182;"日本酒店3个月实习";"0.8-1万/月";"成都世宗学堂教育咨询有限责任公司";"成都-锦江区";"20"
1183;"日本酒店3个月实习";"0.8-1万/月";"成都世宗学堂教育咨询有限责任公司";"成都-锦江区";"20"
1184;"美丽健康管理师";"6-8千/月";"苏州皇尚健康咨询管理有限公司";"苏州-高新区";"50"
1185;"会所副经理";"1.5-2万/月";"苏州皇尚健康咨询管理有限公司";"苏州-工业园区";"2"
1186;"会所副经理";"1.5-2万/月";"苏州皇尚健康咨询管理有限公司";"苏州-工业园区";"8"
1187;"会所经理";"2-2.5万/月";"苏州皇尚健康咨询管理有限公司";"苏州-工业园区";"4"
1188;"会所经理";"2-2.5万/月";"苏州皇尚健康咨询管理有限公司";"苏州-工业园区";"2"
1189;"会所经理";"2-2.5万/月";"苏州皇尚健康咨询管理有限公司";"苏州-工业园区";"2"
1190;"会所经理";"2-2.5万/月";"苏州皇尚健康咨询管理有限公司";"苏州-工业园区";"4"
1191;"美丽健康管理师";"6-8千/月";"苏州皇尚健康咨询管理有限公司";"苏州-高新区";"50"
1192;"美丽健康管理师";"8-10万/年";"苏州皇尚健康咨询管理有限公司";"苏州-高新区";"50"
1193;"诚聘美容师（高端连锁）";"6-8千/月";"苏州皇尚健康咨询管理有限公司";"苏州-高新区";"50"
1194;"包食宿诚聘美容师";"8-10万/年";"苏州皇尚健康咨询管理有限公司";"苏州-高新区";"50"
1195;"日企技术工程师(编号94989) 日语必须";"4-5千/月";"上海艾杰飞人力资源有限公司";"苏州";"1"
1196;"日语BPO流程专员（经验者）急募";"4-5.5千/月";"大连合盛信息技术有限公司";"大连-沙河口区";"2"
1197;"对日BPO数据处理专员";"3.2-4.5千/月";"大连合盛信息技术有限公司";"大连-沙河口区";"3"
1198;"日语BPO流程专员（Q&A确认）";"4-5千/月";"大连合盛信息技术有限公司";"大连-沙河口区";"2"
1199;"日语BPO流程专员（经验者）(职位编号：01)";"3.5-4.5千/月";"大连合盛信息技术有限公司";"大连-沙河口区";"3"
1200;"光电仪器操作师（8千到1万）";"0.8-1万/月";"上海凯拉美容咨询有限公司";"深圳-福田区";"5"
1201;"日语老师";"1-1.5万/月";"北京横竖科技经济交流中心";"北京-朝阳区";"5"
1202;"销售";"0.4-1.2万/月";"上海永龙宝国际货物运输代理有限公司深圳分公司";"深圳-龙华新区";"5"
1203;"人事行政经理（主管）";"1-1.5万/月";"日世（中国）投资有限公司";"上海";"1"
1204;"（急聘）日语文员/日本留学生";"3-3.5千/月";"上海科恳检验服务有限公司青岛分公司";"青岛-崂山区";"4"
1205;"（急）文员/营业担当（会日语）";"3-3.5千/月";"上海科恳检验服务有限公司青岛分公司";"青岛-崂山区";"2"
1206;"（急）文员/行政/内勤（会日语）";"3-3.5千/月";"上海科恳检验服务有限公司青岛分公司";"青岛-崂山区";"4"
1207;"（急聘）日语文员/日本留学生/***";"3-3.5千/月";"上海科恳检验服务有限公司青岛分公司";"青岛-崂山区";"4"
1208;"工厂储备经理（重庆）";"4-6千/月";"泉盛餐饮（上海）有限公司";"重庆";"1"
1209;"食其家储备店长（重庆+包吃+双休+五险一金+交通补助）";"3.8-4.5千/月";"泉盛餐饮（上海）有限公司";"重庆";"10"
1210;"食其家储备店长（重庆+包吃+双休+五险一金+交通补助）";"3.8-4.5千/月";"泉盛餐饮（上海）有限公司";"重庆";"10"
1211;"日语系统监视维护工程师（日本）";"0.8-1万/月";"爱思弗耐特信息技术（大连）有限公司";"大连";"若干"
1212;"营业担当";"0.8-1.5万/月";"日世（中国）投资有限公司";"上海";"2"
1213;"养老院介护+月薪10000+日本";"1-2万/月";"重庆环岛网络科技有限公司";"重庆-九龙坡区";"5"
1214;"水性涂料研发工程师";"4.5-6千/月";"耐涂可精细化工（青岛）有限公司";"青岛-平度市";"5"
1215;"水性涂料研发工程师";"4.5-6千/月";"耐涂可精细化工（青岛）有限公司";"青岛-平度市";"5"
1216;"水性涂料研发工程师";"4.5-6千/月";"耐涂可精细化工（青岛）有限公司";"青岛-平度市";"5"
1217;"水性涂料研发工程师";"4.5-6千/月";"耐涂可精细化工（青岛）有限公司";"青岛-平度市";"5"
1218;"水性涂料研发工程师";"4.5-6千/月";"耐涂可精细化工（青岛）有限公司";"青岛-平度市";"5"
1219;"水性涂料研发工程师";"4.5-6千/月";"耐涂可精细化工（青岛）有限公司";"青岛-平度市";"5"
1220;"水性涂料研发工程师";"4.5-6千/月";"耐涂可精细化工（青岛）有限公司";"青岛-平度市";"5"
1221;"水性涂料研发工程师";"4.5-6千/月";"耐涂可精细化工（青岛）有限公司";"青岛-平度市";"5"
1222;"无印良品导购员（就近分配）";"4.5-6千/月";"无印良品（上海）商业有限公司";"武汉";"若干"
1223;"联通营业厅 导购 营业员 资深 店员 上海/苏州";"6-8千/月";"天阁雅（上海）商贸有限公司";"上海-长宁区";"10"
1224;"联通营业厅 导购 营业员 店员 上海/苏州";"6-8千/月";"天阁雅（上海）商贸有限公司";"上海-长宁区";"10"
1225;"联通营业厅 导购 营业员 店员 上海/苏州";"6-8千/月";"天阁雅（上海）商贸有限公司";"上海-长宁区";"10"
1226;"应届毕业生优先（IT方向、日语方向）";"3-5千/月";"长春明思软件技术有限公司";"长春-高新技术产业开发区";"20"
1227;"软件工程培训师";"6-8千/月";"长春明思软件技术有限公司";"长春-高新技术产业开发区";"1"
1228;"软件工程师(ERP方向)应届生";"3-5千/月";"长春明思软件技术有限公司";"长春-高新技术产业开发区";"20"
1229;"软件工程师(WEB方向)应届生";"3-5千/月";"长春明思软件技术有限公司";"长春-高新技术产业开发区";"20"
1230;"急聘 计算机相关专业毕业生（实习）";"2-3千/月";"天津创方多维信息技术有限公司";"天津";"10"
1231;"诚聘  计算机相关专业实习生";"3-4.5千/月";"天津创方多维信息技术有限公司";"天津-南开区";"若干"
1232;"业务助理兼日语翻译 有总务/财务经验优先(职位编号：?LC180108)";"5-8千/月";"上海恒封密封制品有限公司";"上海";"若干"
1233;"电器自动化工程师";"1-1.5万/月";"山东国立经济技术合作有限公司";"济南";"10"
1234;"材料工程师";"1-1.5万/月";"山东国立经济技术合作有限公司";"济南";"10"
1235;"日本工作签―免税店店员，年收18万左右";"1-1.5万/月";"大连新翔教育咨询有限公司";"大连";"20"
1236;"日本工作签―免税店店员，年收18万左右";"1-1.5万/月";"大连新翔教育咨询有限公司";"大连";"20"
1237;"日本工作签―免税店店员，年收18万左右";"1-1.5万/月";"大连新翔教育咨询有限公司";"大连";"20"
1238;"日本工作签―免税店店员，年收18万左右";"1-1.5万/月";"大连新翔教育咨询有限公司";"大连";"20"
1239;"日本工作签―免税店店员，年收18万左右";"1-1.5万/月";"大连新翔教育咨询有限公司";"大连";"20"
1240;"日本工作签―免税店店员，年收18万左右";"1-1.5万/月";"大连新翔教育咨询有限公司";"大连";"20"
1241;"日本工作签―免税店店员，年收18万左右";"1-1.5万/月";"大连新翔教育咨询有限公司";"大连";"20"
1242;"日本工作签―免税店店员，年收18万左右";"1-1.5万/月";"大连新翔教育咨询有限公司";"大连";"20"
1243;"日本工作签―免税店店员，年收18万左右";"1-1.5万/月";"大连新翔教育咨询有限公司";"大连";"20"
1244;"日本工作签―免税店店员，年收18万左右";"1-1.5万/月";"大连新翔教育咨询有限公司";"大连";"20"
1245;"日本工作签―免税店店员，年收18万左右";"1-1.5万/月";"大连新翔教育咨询有限公司";"大连";"20"
1246;"日本工作签―免税店店员，年收18万左右";"1-1.5万/月";"大连新翔教育咨询有限公司";"大连";"20"
1247;"日本工作签―免税店店员，年收18万左右";"1-1.5万/月";"大连新翔教育咨询有限公司";"大连";"20"
1248;"日本工作签―免税店店员，年收18万左右";"1-1.5万/月";"大连新翔教育咨询有限公司";"大连";"20"
1249;"日本工作签―免税店店员，年收18万左右";"1-1.5万/月";"大连新翔教育咨询有限公司";"大连";"20"
1250;"日本工作签―免税店店员，年收18万左右";"1-1.5万/月";"大连新翔教育咨询有限公司";"大连";"20"
1251;"日本工作签―免税店店员，年收18万左右";"1-1.5万/月";"大连新翔教育咨询有限公司";"大连";"20"
1252;"日本工作签―免税店店员，年收18万左右";"1-1.5万/月";"大连新翔教育咨询有限公司";"大连";"20"
1253;"日本工作签―免税店店员，年收18万左右";"1-1.5万/月";"大连新翔教育咨询有限公司";"大连";"20"
1254;"日本工作签―免税店店员，年收18万左右";"1-1.5万/月";"大连新翔教育咨询有限公司";"大连";"20"
1255;"世界500强 大和事务处理中心 结构/装配设计";"97元/天";"大连智科咨询顾问有限公司";"大连-西岗区";"若干"
1256;"世界500强  CAD制图";"97元/天";"大连智科咨询顾问有限公司";"大连-西岗区";"若干"
1257;"对日BSE";"1-1.5万/月";"大连丝路软件有限责任公司";"大连-高新园区";"2"
1258;"无印良品餐厅服务员";"4.5-6千/月";"无印良品（上海）商业有限公司";"上海";"若干"
1259;"无印良品门店营业员";"4.5-6千/月";"无印良品（上海）商业有限公司";"上海";"若干"
1260;"导购员（年底十三薪）";"4.5-6千/月";"无印良品（上海）商业有限公司";"上海";"若干"
1261;"介护士";"1-1.5万/月";"绍泉职业教育培训服务（临泉）有限公司";"合肥-政务区";"100"
1262;"介护士";"1-1.5万/月";"绍泉职业教育培训服务（临泉）有限公司";"合肥-政务区";"100"
1263;"业务SE 出国机会(职位编号：04)";"0.5-1.2万/月";"成都仁本新动科技有限公司";"成都-高新区";"5"
1264;"项目经理（PM）(职位编号：01)";"1-2万/月";"成都仁本新动科技有限公司";"成都-高新区";"若干"
1265;"日语业务跟单--上海办";"5-8千/月";"兰州三毛实业股份有限公司";"上海-徐汇区";"若干"
1266;"Java / .Net / C++软件工程师";"0.7-1.4万/月";"杭州网新新思软件有限公司";"杭州-拱墅区";"若干"
1267;"Java / .Net / C++软件工程师";"0.7-1.4万/月";"杭州网新新思软件有限公司";"杭州-拱墅区";"若干"
1268;"区域销售主管/经理";"1-2.5万/月";"日世（中国）投资有限公司";"上海";"2"
1269;"嵌入式工程师";"1-1.5万/月";"华尔特人才咨询（上海）有限公司";"上海";"1"
1270;"日本总社正社员（工科日语人才）";"1-1.5万/月";"昆山朝日前程商务咨询有限公司";"昆山";"3"
1271;"深圳东莞日资企业招聘普工6000";"4.5-6千/月";"东莞市共进教育咨询有限公司";"深圳-光明新区";"100"
1272;"深圳东莞日资企业招聘普工6000";"4.5-6千/月";"东莞市共进教育咨询有限公司";"深圳-光明新区";"100"
1273;"深圳宝安日企大量招聘普工5000";"4.5-6千/月";"东莞市共进教育咨询有限公司";"深圳-宝安区";"200"
1274;"深圳宝安日企大量招聘普工5000";"4.5-6千/月";"东莞市共进教育咨询有限公司";"深圳-宝安区";"200"
1275;"销售主管（服务区）";"1-1.5万/月";"日世（中国）投资有限公司";"上海-长宁区";"若干"
1276;"营业担当/营业主管";"0.8-1.2万/月";"日世（中国）投资有限公司";"南京";"2"
1277;"营业担当";"0.9-1.2万/月";"日世（中国）投资有限公司";"北京";"1"
1278;"区域销售主管/经理";"1-1.5万/月";"日世（中国）投资有限公司";"沈阳-和平区";"若干"
1279;"日语现场翻译";"0.6-1万/月";"日世（中国）投资有限公司";"昆山";"5"
1280;"区域销售专员";"5-8千/月";"日世（中国）投资有限公司";"广州";"3"
1281;"售前/售后技术支持工程师/专员";"6-8千/月";"日世（中国）投资有限公司";"上海";"2"
1282;"区域销售主管/经理";"1-2.5万/月";"日世（中国）投资有限公司";"北京";"2"
1283;"区域销售主管/经理";"1-2.5万/月";"日世（中国）投资有限公司";"南京";"2"
1284;"台湾人才募集中";"2-2.5万/月";"日世（中国）投资有限公司";"北京";"5"
1285;"营业担当/营业主管";"0.8-1.2万/月";"日世（中国）投资有限公司";"深圳";"2"
1286;"人事主管";"0.7-1万/月";"日世（中国）投资有限公司";"上海";"2"
1287;"区域销售主管/经理";"0.8-1.2万/月";"日世（中国）投资有限公司";"广州";"2"
1288;"对日软件工程师";"6-8千/月";"黑龙江省华泰兴成信息科技有限责任公司";"哈尔滨";"5"
1289;"COBOL软件工程师-日本工作";"0.8-1万/月";"宏智科技（苏州）股份有限公司";"苏州-工业园区";"5"
1290;"日本工签";"1.4-3万/月";"创译科技（大连）有限公司";"大连-高新园区";"50"
1291;"日本工签";"1.4-3万/月";"创译科技（大连）有限公司";"大连-高新园区";"50"
1292;"日语教师招聘";"6-9千/月";"成都帝京教育咨询有限公司";"成都-锦江区";"3"
1293;"储备结构设计工程师";"6-8千/月";"上海森叶建筑设计有限公司";"上海-浦东新区";"9"
1294;"设备工程师 日语";"6-8千/月";"阿迩贝司机电技术（上海）有限公司";"上海";"若干"
1295;"东京SK-II香奈儿化妆品店销售";"1-1.5万/月";"重庆兴贤出国咨询服务有限公司";"成都-锦江区";"若干"
1296;"日本奢侈品专卖店古琦、普拉达、LV翻译人员";"1.2-1.5万/月";"重庆兴贤出国咨询服务有限公司";"成都-锦江区";"20"
1297;"东京SK-II香奈儿化妆品店销售";"1-1.5万/月";"重庆兴贤出国咨询服务有限公司";"成都-锦江区";"若干"
1298;"日本奢侈品专卖店古琦、普拉达、LV翻译人员";"1.2-1.5万/月";"重庆兴贤出国咨询服务有限公司";"成都-锦江区";"20"
1299;"日本奢侈品专卖店古琦、普拉达、LV翻译人员";"1.2-1.5万/月";"重庆兴贤出国咨询服务有限公司";"成都-锦江区";"20"
1300;"日本奢侈品专卖店古琦、普拉达、LV翻译人员";"1.2-1.5万/月";"重庆兴贤出国咨询服务有限公司";"成都-锦江区";"20"
1301;"东京SK-II香奈儿化妆品店销售";"1-1.5万/月";"重庆兴贤出国咨询服务有限公司";"成都-锦江区";"若干"
1302;"东京SK-II香奈儿化妆品店销售";"1-1.5万/月";"重庆兴贤出国咨询服务有限公司";"成都-锦江区";"若干"
1303;"东京SK-II香奈儿化妆品店销售";"1-1.5万/月";"重庆兴贤出国咨询服务有限公司";"成都-锦江区";"若干"
1304;"日本大型免税店招募正社员";"1-1.5万/月";"重庆兴贤出国咨询服务有限公司";"成都-锦江区";"10"
1305;"日本大型免税店招募正社员";"1-1.5万/月";"重庆兴贤出国咨询服务有限公司";"成都-锦江区";"10"
1306;"东京SK-II香奈儿化妆品店销售";"1-1.5万/月";"重庆兴贤出国咨询服务有限公司";"成都-锦江区";"若干"
1307;"东京SK-II香奈儿化妆品店销售";"1-1.5万/月";"重庆兴贤出国咨询服务有限公司";"成都-锦江区";"若干"
1308;"东京SK-II香奈儿化妆品店销售";"1-1.5万/月";"重庆兴贤出国咨询服务有限公司";"成都-锦江区";"若干"
1309;"日本大型免税店招募正社员";"1-1.5万/月";"重庆兴贤出国咨询服务有限公司";"成都-锦江区";"10"
1310;"日本大型免税店招募正社员";"1-1.5万/月";"重庆兴贤出国咨询服务有限公司";"成都-锦江区";"10"
1311;"日本大型免税店招募正社员";"1-1.5万/月";"重庆兴贤出国咨询服务有限公司";"成都-锦江区";"10"
1312;"日本大型免税店招募正社员";"1-1.5万/月";"重庆兴贤出国咨询服务有限公司";"成都-锦江区";"10"
1313;"日本大型免税店招募正社员";"1-1.5万/月";"重庆兴贤出国咨询服务有限公司";"成都-锦江区";"10"
1314;"日本大型免税店招募正社员";"1-1.5万/月";"重庆兴贤出国咨询服务有限公司";"成都-锦江区";"10"
1315;"日本大型免税店招募正社员";"1-1.5万/月";"重庆兴贤出国咨询服务有限公司";"成都-锦江区";"10"
1316;"日本奢侈品专卖店古琦、普拉达、LV翻译人员";"1.2-1.5万/月";"重庆兴贤出国咨询服务有限公司";"成都-锦江区";"20"
1317;"日本奢侈品专卖店古琦、普拉达、LV翻译人员";"1.2-1.5万/月";"重庆兴贤出国咨询服务有限公司";"成都-锦江区";"20"
1318;"日本奢侈品专卖店古琦、普拉达、LV翻译人员";"1.2-1.5万/月";"重庆兴贤出国咨询服务有限公司";"成都-锦江区";"20"
1319;"日本出差软件开发工程师";"2-2.5万/月";"鑫沣科技（大连）有限公司";"大连";"若干"
1320;"逆变器工程师";"6-8千/月";"武汉光庭信息技术股份有限公司";"武汉";"2"
1321;"对日软件开发工程师（项目经理）";"4-8千/月";"恩梯梯数据（中国）信息技术有限公司长春分公司";"长春-净月经济开发区";"若干"
1322;"对日软件开发工程师（项目经理）";"4-8千/月";"恩梯梯数据（中国）信息技术有限公司长春分公司";"长春-净月经济开发区";"若干"
1323;"软件开发工程师（PM）";"0.6-1.2万/月";"恩梯梯数据（中国）信息技术有限公司长春分公司";"长春-净月经济开发区";"若干"
1324;"软件开发工程师（项目经理）";"5.5-8千/月";"恩梯梯数据（中国）信息技术有限公司长春分公司";"长春-净月经济开发区";"若干"
1325;"日语项目经理（销售）";"6-8千/月";"北京永达康国际旅行社有限责任公司";"北京-朝阳区";"2"
1326;"销售专员（高提成）";"4.5-6千/月";"北京永达康国际旅行社有限责任公司";"北京-朝阳区";"2"
1327;"大客户销售高提成";"4-8千/月";"北京永达康国际旅行社有限责任公司";"北京-朝阳区";"2"
1328;"大客户经理（日语）";"6-8千/月";"北京永达康国际旅行社有限责任公司";"北京-朝阳区";"2"
1329;"C#开发工程师";"6-8千/月";"中软国际科技服务有限公司";"长沙-岳麓区";"2"
1330;"销售主管";"0.8-1万/月";"上海长宁区明日进修学校";"上海-长宁区";"若干"
1331;"销售主管(职位编号：004)";"1-1.5万/月";"上海长宁区明日进修学校";"上海-长宁区";"若干"
1332;"市场部主管";"10-15万/年";"上海长宁区明日进修学校";"上海-长宁区";"3"
1333;"营业主管（教育咨询/日语流利）(职位编号：002)";"10-15万/年";"上海长宁区明日进修学校";"上海-长宁区";"若干"
1334;"介护福祉士";"1-1.5万/月";"天坤国际控股集团股份有限公司";"上海-宝山区";"30"
1335;"食其家储备店长";"3.3-4.5千/月";"泉盛餐饮（上海）有限公司";"贵阳";"10"
1336;"日本高尔夫球场招募实习生月薪1万以上";"1-1.5万/月";"沈阳翔泰教育信息咨询有限公司";"沈阳";"15"
1337;"日本工签 免税店月薪1万以上";"1-1.5万/月";"沈阳翔泰教育信息咨询有限公司";"沈阳";"若干"
1338;"日本工签 免税店月薪1万以上";"1-1.5万/月";"沈阳翔泰教育信息咨询有限公司";"沈阳";"若干"
1339;"日本东京各地区电器、免税店就职";"1-1.5万/月";"沈阳翔泰教育信息咨询有限公司";"沈阳";"15"
1340;"日本东京各地区电器、免税店就职";"1-1.5万/月";"沈阳翔泰教育信息咨询有限公司";"沈阳";"15"
1341;"行政人事主管";"4-6千/月";"泉盛餐饮（上海）有限公司";"贵阳";"1"
1342;"食其家工厂储备经理";"4-6千/月";"泉盛餐饮（上海）有限公司";"贵阳";"3"
1343;"驻客户现场负责人";"1-2万/月";"北京中海创发科技有限公司";"武汉-武汉经济开发区";"1"
1344;"对日软件工程师";"0.5-1.3万/月";"北京中海创发科技有限公司";"武汉-武汉经济开发区";"5"
1345;"对日软件工程师";"0.8-1.5万/月";"北京中海创发科技有限公司";"北京-海淀区";"5"
1346;"流通开发项目Leader";"1.5-2.5万/月";"日通（大连）科技有限公司";"北京-朝阳区";"若干"
1347;".NET Core 开发";"1.5-2万/月";"深圳市飞瓦科技有限公司";"深圳-南山区";"若干"
1348;"电气工程师/技术员";"4.5-6千/月";"南京恩梯恩精密机电有限公司";"南京-栖霞区";"2"
1349;"生产技术员";"3-4.5千/月";"南京恩梯恩精密机电有限公司";"南京-栖霞区";"2"
1350;"储备店长";"4-5千/月";"泉盛餐饮（上海）有限公司";"东莞-大朗镇";"40"
1351;"食其家储备店长（包吃+双休+五险一金+交通补助）";"3.3-4.5千/月";"泉盛餐饮（上海）有限公司";"眉山";"2"
1352;"食其家营业部储备经理";"3.3-4.5千/月";"泉盛餐饮（上海）有限公司";"眉山";"2"
1353;"食其家储备干部(储备店长+五险一金+交通补助+包吃住）";"3.8-5千/月";"泉盛餐饮（上海）有限公司";"扬州";"2"
1354;"食其家储备干部(储备店长+五险一金+交通补助+包吃住）";"3.8-5千/月";"泉盛餐饮（上海）有限公司";"泰州";"2"
1355;"储备店长";"4.1-5千/月";"泉盛餐饮（上海）有限公司";"深圳";"若干"
1356;"食其家见习经理(储备店长+五险一金+交通补助+包吃住）";"3.8-5千/月";"泉盛餐饮（上海）有限公司";"泰州";"2"
1357;"食其家见习经理(储备店长+五险一金+交通补助+包吃住）";"3.8-5千/月";"泉盛餐饮（上海）有限公司";"扬州";"2"
1358;"储备店长（广州）";"4.1-5千/月";"泉盛餐饮（上海）有限公司";"广州";"40"
1359;"日本医疗网-销售";"3-4.5千/月";"大连悠游国际医疗健康管理有限公司";"大连";"若干"
1360;"研发工程师助理工程师";"0.7-1.5万/月";"京上贸易（上海）有限公司";"上海-宝山区";"3"
1361;"销售经理（日语）";"1.5-2万/月";"邦驻（上海）停车场管理有限公司";"上海-浦东新区";"若干"
1362;"C#.NET";"3-4.5千/月";"大连思腾软件有限公司";"大连-西岗区";"5"
1363;"PHP开发工程师";"3-4.5千/月";"大连思腾软件有限公司";"大连-西岗区";"20"
1364;"VB.NET开发应届毕业生";"3-4.5千/月";"大连思腾软件有限公司";"大连-西岗区";"5"
1365;"VB.NET开发";"3-4.5千/月";"大连思腾软件有限公司";"大连-西岗区";"5"
1366;"PHP开发应届毕业生";"3-4.5千/月";"大连思腾软件有限公司";"大连-西岗区";"5"
1367;"C#开发人员";"3-4.5千/月";"大连思腾软件有限公司";"大连-西岗区";"5"
1368;"对日软件开发人员";"3-4.5千/月";"大连思腾软件有限公司";"大连-西岗区";"5"
1369;"程序员";"3-4.5千/月";"大连思腾软件有限公司";"大连-西岗区";"5"
1370;"Web开发";"3-4.5千/月";"大连思腾软件有限公司";"大连-西岗区";"5"
1371;"初级软件开发工程师(长期出差冲绳)";"1.5-2万/月";"大连华信计算机技术股份有限公司";"大连";"若干"
1372;"日本留学两年0学费0住宿费";"6-8千/月";"沈阳翔泰教育信息咨询有限公司";"沈阳";"30"
1373;"日本高尔夫球场招募实习生月薪1万以上";"1-1.5万/月";"沈阳翔泰教育信息咨询有限公司";"沈阳";"15"
1374;"日本工签 免税店月薪1万以上";"1-1.5万/月";"沈阳翔泰教育信息咨询有限公司";"沈阳";"若干"
1375;"日本东京各地区电器、免税店就职";"1-1.5万/月";"沈阳翔泰教育信息咨询有限公司";"沈阳";"15"
1376;"日本东京各地区电器、免税店就职";"1-1.5万/月";"沈阳翔泰教育信息咨询有限公司";"沈阳";"15"
1377;"日本研修女工项目";"370元/天";"辽宁欧美亚经济技术合作有限公司";"沈阳-皇姑区";"若干"
1378;"日本研修女工项目";"370元/天";"辽宁欧美亚经济技术合作有限公司";"沈阳-皇姑区";"若干"
1379;"日本研修女工项目";"370元/天";"辽宁欧美亚经济技术合作有限公司";"沈阳-皇姑区";"若干"
1380;"日本研修女工项目";"370元/天";"辽宁欧美亚经济技术合作有限公司";"沈阳-皇姑区";"若干"
1381;"日本研修女工项目";"370元/天";"辽宁欧美亚经济技术合作有限公司";"沈阳-皇姑区";"若干"
1382;"日本研修女工项目";"370元/天";"辽宁欧美亚经济技术合作有限公司";"沈阳-皇姑区";"若干"
1383;"日本研修女工项目";"370元/天";"辽宁欧美亚经济技术合作有限公司";"沈阳-皇姑区";"若干"
1384;"日本研修女工项目";"370元/天";"辽宁欧美亚经济技术合作有限公司";"沈阳-皇姑区";"若干"
1385;"日本研修女工项目";"370元/天";"辽宁欧美亚经济技术合作有限公司";"沈阳-皇姑区";"若干"
1386;"日本研修女工项目";"370元/天";"辽宁欧美亚经济技术合作有限公司";"沈阳-皇姑区";"若干"
1387;"日本研修女工项目";"370元/天";"辽宁欧美亚经济技术合作有限公司";"沈阳-皇姑区";"若干"
1388;"日本研修女工项目";"370元/天";"辽宁欧美亚经济技术合作有限公司";"沈阳-皇姑区";"若干"
1389;"日本研修女工项目";"370元/天";"辽宁欧美亚经济技术合作有限公司";"沈阳-皇姑区";"若干"
1390;"日本研修女工项目";"370元/天";"辽宁欧美亚经济技术合作有限公司";"沈阳-皇姑区";"若干"
1391;"日本研修女工项目";"370元/天";"辽宁欧美亚经济技术合作有限公司";"沈阳-皇姑区";"若干"
1392;"招生主任";"1-1.5万/月";"成都和思康健投资管理有限公司";"成都-温江区";"2"
1393;"招生老师";"0.8-1万/月";"成都和思康健投资管理有限公司";"成都-温江区";"2"
1394;"招生顾问";"1-1.5万/月";"成都和思康健投资管理有限公司";"成都-温江区";"2"
1395;"十五薪 日语流程专员";"3.5-5.5千/月";"方正宽带网络服务有限公司大连分公司";"大连";"6"
1396;"赴日软件开发工程师";"25-70万/月";"大连佰思特信息技术有限公司";"大连";"若干"
1397;"(日本知名上市公司)Java软件工程师（赴日）-JP2912";"30-40万/年";"大连博科人才有限公司";"大连";"3"
1398;"(日本知名上市公司)Java软件工程师（赴日）-JP2912";"30-40万/年";"大连博科人才有限公司";"大连";"3"
1399;"赴日硬件设计或半导体设计工程师(无中介费)";"1.5-2万/月";"上海万谷境外就业服务有限公司";"上海";"若干"
1400;"赴日IT设计开发工程师（东京）";"1.5-2万/月";"上海万谷境外就业服务有限公司";"上海";"若干"
1401;"赴日IT 嵌入式软件开发工程师(无中介费)";"1.5-2万/月";"上海万谷境外就业服务有限公司";"上海";"若干"
1402;"赴日本Java软件开发设计师(无中介费)";"1.5-2万/月";"上海万谷境外就业服务有限公司";"上海";"20"
1403;"赴日本Java软件开发设计师(无中介费)";"1.5-2万/月";"上海万谷境外就业服务有限公司";"上海";"20"
1404;"赴日本汽车或机械三维设计工程师(无中介费)";"1.5-2万/月";"上海万谷境外就业服务有限公司";"上海";"若干"
1405;"赴日本汽车或机械三维设计工程师(无中介费)";"1.5-2万/月";"上海万谷境外就业服务有限公司";"上海";"若干"
1406;"赴日本IT 嵌入式开发工程师(无中介费)";"1.5-2万/月";"上海万谷境外就业服务有限公司";"上海";"若干"
1407;"储备干部（对日）";"1-4千/月";"大连�]洋设计有限公司";"大连";"2"
1408;"留学咨询实习生";"2-3千/月";"上海尚普信息咨询有限公司";"上海-普陀区";"2"
1409;"大型百货店销售员";"1.5-2千/月";"大连新翔教育咨询有限公司";"大连-沙河口区";"15"
1410;"高薪诚聘免税店销售代表";"1.5-2千/月";"大连新翔教育咨询有限公司";"大连-沙河口区";"20"
1411;"大型电器店导购员";"1.5-2千/月";"大连新翔教育咨询有限公司";"大连-沙河口区";"15"
1412;"免税店销售导购兼翻译";"1.5-2千/月";"大连新翔教育咨询有限公司";"大连-沙河口区";"30"
1413;"高薪诚聘购物中心导购员";"1.5-2千/月";"大连新翔教育咨询有限公司";"大连-沙河口区";"20"
1414;"高薪诚聘BPO正社员";"1.5-2千/月";"大连新翔教育咨询有限公司";"大连-沙河口区";"20"
1415;"招聘软件开发工程师";"1.5-2千/月";"大连新翔教育咨询有限公司";"大连-沙河口区";"20"
1416;"高薪诚聘免税店销售代表";"1.5-2千/月";"大连新翔教育咨询有限公司";"大连-沙河口区";"若干"
1417;"手机电器，奢侈品销售";"1.5-2千/月";"大连新翔教育咨询有限公司";"大连-沙河口区";"20"
1418;"包住宿和中餐免税店导购员";"1.5-2千/月";"大连新翔教育咨询有限公司";"大连-沙河口区";"20"
1419;"日语BPO正社员招聘";"1.5-2千/月";"大连新翔教育咨询有限公司";"大连-沙河口区";"20"
1420;"BPO***操作员";"1-2.5千/月";"大连合盛信息技术有限公司";"大连-沙河口区";"4"
1421;"结构工程师";"1-3千/月";"上海森叶建筑设计有限公司";"上海-浦东新区";"2"
1422;"日语技术服务工程师（知名企业，福利好）";"0.8-1万/月";"上海日弘企业管理咨询有限公司";"绵阳";"1"
1423;"(大型IT集团急聘)急聘Linux服务器工程师-JP2928";"0.8-1万/月";"大连博科人才有限公司";"大连";"1"
1424;"(全球制造巨头集团子公司)SSE PM/系统架构师-JP2922";"15-20万/年";"大连博科人才有限公司";"上海";"1"
1425;"(日本知名集团子公司)嵌入式软件开发技术骨干 -JP2921";"15-20万/年";"大连博科人才有限公司";"大连";"3"
1426;"(日本知名上市公司)嵌入式开发工程师-JP2911";"30-40万/年";"大连博科人才有限公司";"大连";"3"
1427;"(日本知名上市公司)嵌入式开发工程师-JP2911";"30-40万/年";"大连博科人才有限公司";"大连";"3"
1428;"(日本知名上市公司)嵌入式开发工程师-JP2911";"30-40万/年";"大连博科人才有限公司";"大连";"3"
1429;"（知名日本独资甲方公司）日语运维项目经理-JP2894";"1.5-2万/月";"大连博科人才有限公司";"北京";"1"
1430;"（知名日本独资甲方公司）日语软件开发主管-JP2892";"1.5-2万/月";"大连博科人才有限公司";"北京";"1"
1431;"(全球知名企业在华研发中心)车联网云开发-JP2955(职位编号：JP2955)";"0.8-1.1万/月";"大连博科人才有限公司";"上海";"1"
1432;"(全球知名企业在华研发中心)网络工程师-JP2944(职位编号：JP2944)";"0.8-1万/月";"大连博科人才有限公司";"上海";"1"
1433;"(知名日本独资IT企业)日语高级工程师-JP2943(职位编号：JP2943)";"0.8-1万/月";"大连博科人才有限公司";"大连";"若干"
